employee_id,name,department,job_title,salary,hire_date
1001,Aaron Phillips,Product,Product Owner,141500,2021-10-19
1002,Alexander Howard,Finance,Payroll Specialist,92000,2022-08-03
1003,Nancy Evans,Legal,Legal Manager,119500,2020-02-21
1004,Paul Ramos,Marketing,Marketing Director,67500,2024-12-16
1005,Joseph Morris,Engineering,Engineering Manager,127000,2021-04-25
1006,John Gomez,Sales,Sales Associate,118000,2016-04-25
1007,Cynthia Wilson,Sales,Sales Associate,61500,2019-02-20
1008,Janet Reyes,Engineering,Data Engineer,77000,2017-01-04
1009,Deborah Brown,IT,IT Support Specialist,94500,2020-02-26
1010,Amanda King,Finance,Auditor,80500,2022-07-25
1011,Kathleen Flores,Operations,Operations Analyst,53500,2019-08-26
1012,Frank Reyes,HR,HR Specialist,78000,2015-09-07
1013,William Mendoza,Finance,Finance Manager,87500,2022-03-03
1014,Paul Jones,Product,UX/UI Designer,117000,2021-09-08
1015,Barbara King,Engineering,Engineering Manager,139500,2019-03-12
1016,Julie Bennett,Operations,Operations Analyst,77000,2019-03-01
1017,Robert Wilson,HR,HR Specialist,40000,2024-10-13
1018,Ronald Morales,Operations,Operations Analyst,86500,2018-05-23
1019,Aaron Anderson,Sales,Business Development Rep,93500,2021-11-19
1020,Debra Ramirez,Product,VP of Product,107500,2023-05-06
1021,Margaret Ramirez,IT,Security Analyst,90500,2024-07-25
1022,Aaron Morris,Engineering,Software Engineer,126500,2023-04-13
1023,John Cooper,HR,HR Specialist,93500,2019-01-19
1024,Amanda White,Product,Product Manager,119000,2015-10-20
1025,Barbara Hill,HR,HR Specialist,41500,2015-08-17
1026,Ryan Johnson,HR,Talent Acquisition Lead,78500,2015-01-19
1027,Mary Evans,HR,HR Generalist,92500,2022-11-17
1028,Donna White,HR,Recruiter,40000,2020-11-16
1029,Jessica Reed,IT,IT Director,91500,2018-03-26
1030,Eric Jackson,IT,Security Analyst,50500,2015-08-07
1031,Katherine Smith,Sales,Sales Associate,77000,2016-07-10
1032,Jerry Miller,Marketing,Content Strategist,58000,2015-02-01
1033,Melissa Lopez,Marketing,SEO Manager,85000,2023-03-19
1034,Melissa Richardson,Operations,Supply Chain Coordinator,100000,2022-01-24
1035,Justin Bailey,Sales,Business Development Rep,86000,2023-03-25
1036,Raymond Moore,Engineering,Senior Developer,137500,2020-03-16
1037,Jacob Green,Engineering,QA Engineer,83000,2019-04-24
1038,Linda Miller,Sales,Sales Associate,108000,2017-06-23
1039,Nancy Robinson,Legal,Legal Assistant,129000,2020-08-27
1040,Anthony Lee,HR,HR Generalist,79500,2015-05-16
1041,Charles Brown,Engineering,Software Engineer,133500,2019-06-03
1042,Andrew White,IT,IT Director,108000,2015-04-21
1043,Ashley Gray,IT,Network Engineer,68500,2023-10-22
1044,Laura Gutierrez,Marketing,Content Strategist,46000,2020-07-02
1045,Anthony Johnson,IT,Systems Administrator,96500,2024-07-26
1046,Jerry Roberts,Operations,Operations Analyst,68000,2024-07-25
1047,Emily Hall,Engineering,Engineering Manager,130000,2017-07-15
1048,Janet Rogers,Finance,CFO,100500,2020-10-26
1049,Debra Carter,Engineering,Engineering Manager,113000,2020-11-05
1050,Dennis Davis,Sales,Business Development Rep,86500,2019-07-04
1051,Jennifer Campbell,Sales,Business Development Rep,55000,2024-03-17
1052,Gary Jackson,Finance,Accountant,80000,2019-07-09
1053,Barbara Smith,Engineering,Software Engineer,106000,2020-09-08
1054,James Thomas,HR,Talent Acquisition Lead,87500,2021-03-12
1055,Betty Thomas,Engineering,Engineering Manager,144500,2019-01-14
1056,Kathleen Morgan,HR,Recruiter,75000,2019-07-04
1057,Paul Thompson,Engineering,Engineering Manager,128000,2018-10-26
1058,Charles Edwards,HR,Talent Acquisition Lead,56000,2018-08-16
1059,Mary Young,Product,Product Analyst,137000,2017-12-01
1060,Paul Stewart,HR,Talent Acquisition Lead,78000,2017-01-01
1061,Michelle Kelly,IT,IT Director,80000,2016-03-18
1062,Steven Gray,Engineering,Data Engineer,75000,2024-02-19
1063,Michael Ortiz,Sales,Account Executive,64000,2022-04-25
1064,Christopher Scott,Engineering,Software Engineer,95500,2017-01-03
1065,Emily Brooks,IT,IT Director,86500,2015-07-13
1066,Daniel Robinson,Product,Product Analyst,111500,2023-06-13
1067,Ryan Jackson,Finance,Auditor,111500,2023-03-12
1068,William Peterson,Product,Product Analyst,119000,2024-05-05
1069,Jerry Lopez,IT,Network Engineer,102500,2023-07-13
1070,Timothy Adams,Legal,Corporate Counsel,158000,2019-03-23
1071,Raymond Howard,Engineering,QA Engineer,108000,2024-10-12
1072,Thomas Miller,Finance,Accountant,110500,2016-11-26
1073,Shirley Jones,HR,HR Manager,68000,2015-06-20
1074,Thomas Peterson,Legal,Legal Manager,90500,2017-12-22
1075,Kenneth Kelly,Product,Product Owner,69500,2016-12-26
1076,Karen Bailey,Engineering,Software Engineer,102500,2015-03-13
1077,Janet Morris,Finance,Auditor,76000,2023-08-01
1078,Donna Garcia,Sales,VP of Sales,60500,2019-06-21
1079,Justin Scott,Marketing,Digital Marketing Lead,59500,2015-01-21
1080,Rebecca Williams,Product,Product Manager,72000,2024-08-06
1081,Pamela White,Marketing,Content Strategist,88000,2018-10-08
1082,Laura Reyes,Marketing,Digital Marketing Lead,46500,2020-01-09
1083,Paul Wood,Marketing,Marketing Director,69500,2017-06-18
1084,Jonathan Campbell,Product,UX/UI Designer,149500,2016-11-13
1085,Robert Allen,Sales,Account Executive,46000,2015-11-21
1086,Betty Morales,Finance,Finance Manager,120000,2015-01-02
1087,Jerry Smith,Engineering,Engineering Manager,72500,2015-05-05
1088,Virginia Williams,Marketing,Marketing Director,52500,2024-10-19
1089,Thomas James,Finance,CFO,82500,2017-04-01
1090,Julie Young,Engineering,Senior Developer,118000,2020-06-03
1091,Deborah Lopez,Sales,Business Development Rep,62000,2023-01-16
1092,George Thompson,Sales,VP of Sales,115500,2016-11-19
1093,Aaron Nguyen,Marketing,Content Strategist,48500,2016-02-18
1094,Sandra Ward,Finance,Accountant,131000,2023-06-01
1095,Rachel Ward,Finance,Accountant,91000,2019-04-10
1096,Sharon Taylor,HR,HR Generalist,76500,2016-06-21
1097,Shirley Kim,IT,Network Engineer,54000,2017-09-23
1098,Jason Richardson,Engineering,Engineering Manager,82000,2022-04-08
1099,Patricia Parker,Finance,Finance Manager,81000,2016-10-19
1100,Charles Lee,Engineering,QA Engineer,96500,2020-05-06
1101,James Jones,Finance,Accountant,99500,2015-10-13
1102,Anthony Reed,Engineering,Software Engineer,103000,2022-11-16
1103,Jacob Watson,IT,Systems Administrator,101000,2015-03-20
1104,Brandon Campbell,Finance,CFO,56500,2024-12-23
1105,Nicole Mendoza,Sales,Account Executive,42500,2022-03-07
1106,John Thompson,HR,HR Generalist,80500,2016-10-06
1107,Jerry Anderson,Engineering,Data Engineer,70000,2024-07-25
1108,Thomas Bennett,IT,Security Analyst,46500,2015-04-25
1109,Angela Martinez,Sales,VP of Sales,64500,2018-06-02
1110,Linda Flores,Finance,Finance Manager,129000,2023-05-06
1111,Stephanie Sanchez,Marketing,SEO Manager,59000,2020-05-25
1112,Paul Evans,Engineering,Engineering Manager,61500,2021-04-11
1113,Kathleen Morris,Sales,Sales Associate,51000,2017-03-08
1114,Tyler Scott,Legal,Corporate Counsel,96000,2018-06-22
1115,Catherine Gomez,Operations,Project Manager,45500,2022-10-19
1116,Brian Baker,IT,IT Support Specialist,84000,2018-03-20
1117,Dennis Martin,IT,Systems Administrator,84500,2019-11-04
1118,Scott Williams,Engineering,Senior Developer,119000,2024-05-23
1119,Elizabeth Baker,IT,IT Support Specialist,76000,2015-05-09
1120,Thomas Rodriguez,Marketing,SEO Manager,84000,2015-05-12
1121,Deborah Cox,Product,Product Owner,135500,2016-12-03
1122,Steven Smith,Sales,Business Development Rep,43500,2022-11-09
1123,Tyler Wilson,Sales,Sales Manager,124500,2019-05-19
1124,Nicole Sanchez,Product,Product Manager,79000,2024-09-18
1125,Michelle Bailey,Finance,CFO,87500,2017-06-01
1126,Daniel Morales,HR,HR Specialist,42000,2015-07-02
1127,Nicole Evans,Product,Product Owner,76000,2017-06-06
1128,Eric Miller,Sales,Account Executive,94500,2015-04-07
1129,Anthony Scott,Legal,Legal Assistant,121500,2019-11-23
1130,Paul Ortiz,Marketing,Content Strategist,85500,2020-06-13
1131,Mark Campbell,Operations,Supply Chain Coordinator,85500,2022-05-15
1132,Angela Ramos,Sales,Sales Manager,54000,2017-03-04
1133,Emily Sanchez,IT,IT Director,113000,2024-08-06
1134,Jennifer Bailey,Finance,Accountant,124000,2024-08-18
1135,Frank Reyes,Marketing,Digital Marketing Lead,79000,2018-05-24
1136,Andrew Bailey,Marketing,Marketing Specialist,107000,2024-09-22
1137,Ronald Lewis,Engineering,Software Engineer,63500,2021-01-14
1138,Tyler Lee,Engineering,QA Engineer,79000,2015-06-23
1139,Michelle Anderson,Finance,Financial Analyst,123000,2023-10-20
1140,Jeffrey Sanchez,IT,Security Analyst,91500,2024-11-06
1141,Mary Miller,IT,IT Support Specialist,78000,2017-06-24
1142,Matthew Peterson,Engineering,Data Engineer,106000,2015-11-22
1143,Betty Ramirez,IT,Systems Administrator,112000,2018-09-17
1144,Karen Bennett,Engineering,Data Engineer,122500,2015-07-01
1145,Maria Gonzalez,Finance,Finance Manager,72000,2022-03-17
1146,Brian Robinson,Operations,Operations Manager,63000,2015-03-15
1147,Shirley Nguyen,Sales,Business Development Rep,93000,2022-07-07
1148,John Young,IT,Network Engineer,94500,2015-07-23
1149,Janet Young,Sales,VP of Sales,114500,2017-08-23
1150,Ryan Bailey,Engineering,Data Engineer,132000,2017-01-15
1151,Linda King,Sales,Sales Manager,50000,2018-04-05
1152,Rebecca James,Finance,Accountant,54000,2024-07-01
1153,Daniel James,Engineering,Data Engineer,101500,2018-12-18
1154,Mary Smith,Sales,Business Development Rep,123500,2024-02-03
1155,Alexander Lopez,Operations,Operations Analyst,58000,2023-02-21
1156,Amanda Bennett,Sales,Sales Associate,86000,2022-11-14
1157,Alexander Watson,HR,HR Specialist,42500,2023-08-02
1158,Matthew Reed,Engineering,DevOps Engineer,111500,2018-10-26
1159,Donald Gray,Sales,Account Executive,99000,2024-04-09
1160,Donna King,Marketing,Marketing Specialist,43500,2019-10-22
1161,Gregory Clark,Product,Product Owner,69000,2016-12-13
1162,Timothy Peterson,Marketing,Marketing Specialist,77500,2019-12-26
1163,Dorothy Murphy,Finance,CFO,109000,2017-05-04
1164,Betty Lewis,Finance,Finance Manager,120000,2015-11-07
1165,Julie Turner,HR,Talent Acquisition Lead,63500,2015-10-04
1166,Karen Chavez,Marketing,SEO Manager,54000,2016-09-26
1167,Shirley Reed,Engineering,Software Engineer,114500,2023-11-08
1168,Carol Harris,IT,Network Engineer,70000,2019-12-12
1169,Ronald Lopez,Finance,Auditor,117500,2015-01-10
1170,Jeffrey Diaz,HR,HR Generalist,41000,2022-03-08
1171,Jack Lee,Sales,VP of Sales,105500,2020-08-25
1172,Katherine Lopez,IT,IT Support Specialist,69500,2024-07-17
1173,Daniel Sanchez,Marketing,Content Strategist,86500,2019-07-09
1174,Melissa Bailey,Legal,Compliance Specialist,154500,2016-04-07
1175,Jerry Moore,HR,HR Specialist,64000,2022-03-12
1176,Cynthia Hall,Engineering,Data Engineer,62500,2024-07-23
1177,Kenneth Anderson,Sales,Business Development Rep,92500,2020-09-13
1178,Katherine Allen,Operations,Project Manager,54000,2016-07-03
1179,Carol King,Engineering,Data Engineer,87500,2016-03-27
1180,Kenneth Rivera,Finance,CFO,99000,2019-12-25
1181,Jessica Parker,IT,Systems Administrator,92000,2021-04-05
1182,Nicholas Carter,Engineering,Engineering Manager,84500,2016-04-18
1183,Kathleen Torres,Engineering,Software Engineer,95000,2015-09-24
1184,Angela Lopez,Product,VP of Product,110000,2020-07-24
1185,Gary Rivera,Marketing,Marketing Director,90000,2021-04-04
1186,Ryan Bailey,Product,VP of Product,129500,2024-11-02
1187,Jeffrey Green,Engineering,DevOps Engineer,74000,2020-05-05
1188,Rebecca Campbell,IT,Systems Administrator,104000,2024-01-27
1189,Steven Roberts,HR,HR Specialist,87000,2017-03-06
1190,Richard Reed,Operations,Operations Analyst,89500,2023-08-03
1191,Janet Lewis,Operations,Operations Analyst,68000,2024-09-15
1192,Michelle Harris,Marketing,SEO Manager,67500,2020-08-27
1193,Robert Mitchell,HR,Talent Acquisition Lead,49500,2019-01-18
1194,Michelle Hall,HR,Talent Acquisition Lead,58500,2024-03-24
1195,Michelle Flores,Marketing,Marketing Director,49000,2022-12-01
1196,Ryan Collins,Engineering,Data Engineer,93000,2023-05-10
1197,Diane Morales,Sales,Business Development Rep,60500,2019-11-13
1198,Laura Walker,Operations,Project Manager,47500,2019-07-18
1199,Diane Johnson,Operations,Operations Analyst,71000,2021-02-13
1200,Dorothy Clark,Legal,Legal Assistant,86500,2016-12-24
1201,Steven Cooper,IT,IT Support Specialist,84000,2016-12-15
1202,Catherine Torres,Engineering,QA Engineer,132500,2018-02-04
1203,Patrick Murphy,Sales,Sales Associate,111500,2020-01-22
1204,Carolyn Brooks,Operations,Supply Chain Coordinator,94500,2018-11-03
1205,Stephanie Ramos,Engineering,DevOps Engineer,104000,2020-03-11
1206,Laura Gray,Finance,CFO,61000,2018-01-03
1207,Richard Hill,HR,Talent Acquisition Lead,50000,2018-02-15
1208,Nicole Wood,Marketing,SEO Manager,94500,2015-12-24
1209,Janet Lee,Product,VP of Product,93500,2018-06-19
1210,Jeffrey Morgan,Legal,Legal Assistant,67500,2020-02-03
1211,Amy Harris,Sales,Account Executive,76000,2022-12-14
1212,Frank Taylor,Engineering,DevOps Engineer,90500,2021-03-12
1213,Timothy White,Product,Product Owner,80000,2023-07-17
1214,Christine Rodriguez,IT,Systems Administrator,47000,2019-05-02
1215,Rachel Bailey,IT,IT Director,102000,2022-05-18
1216,Catherine Murphy,Finance,CFO,74000,2023-01-06
1217,Joshua Davis,Sales,Sales Manager,84000,2023-01-12
1218,Dorothy Young,Engineering,Engineering Manager,108500,2015-10-08
1219,Ashley Johnson,HR,HR Specialist,85000,2015-04-26
1220,Nancy Rogers,Legal,Corporate Counsel,105500,2024-02-15
1221,Heather Baker,Engineering,DevOps Engineer,117500,2017-11-06
1222,William Garcia,Marketing,Marketing Specialist,106500,2022-08-18
1223,Janet Morris,Sales,Sales Manager,64500,2018-04-06
1224,Laura Perez,Finance,Finance Manager,104000,2023-12-10
1225,Susan Howard,Sales,Business Development Rep,48000,2023-03-26
1226,Charles Diaz,HR,Talent Acquisition Lead,58000,2021-05-23
1227,Ashley Gomez,Engineering,Engineering Manager,76000,2020-05-24
1228,Ryan Williams,Engineering,DevOps Engineer,105500,2020-01-07
1229,Pamela Carter,Operations,Operations Manager,104000,2022-04-05
1230,Patricia Martin,HR,Recruiter,90500,2017-09-04
1231,Heather Rogers,Marketing,Digital Marketing Lead,87000,2024-03-19
1232,Laura Lopez,Finance,Accountant,132500,2015-03-26
1233,Linda Gray,Marketing,Content Strategist,75000,2019-05-06
1234,Joshua Morris,Engineering,Data Engineer,130000,2021-09-20
1235,Mary Cooper,Marketing,Marketing Specialist,109500,2017-05-05
1236,Nicholas Flores,Marketing,Digital Marketing Lead,54500,2021-11-10
1237,Eric Wilson,IT,IT Director,61500,2015-05-20
1238,Linda Nelson,Product,Product Manager,147000,2020-04-25
1239,Andrew Campbell,Marketing,Marketing Director,51500,2022-12-15
1240,Brandon Garcia,IT,IT Director,76500,2016-02-09
1241,Andrew Martin,Engineering,Software Engineer,99000,2017-06-05
1242,Ryan Morgan,Engineering,DevOps Engineer,93500,2024-04-21
1243,Rachel Nelson,Engineering,Software Engineer,121000,2023-07-24
1244,Kevin Roberts,IT,Security Analyst,81000,2018-02-10
1245,Linda James,Engineering,Data Engineer,73500,2019-06-15
1246,Kimberly Cook,Operations,Project Manager,104500,2024-02-18
1247,Thomas Sanchez,Operations,Supply Chain Coordinator,89500,2022-09-14
1248,Angela Allen,Marketing,Marketing Director,84000,2019-09-26
1249,Kathleen Rogers,Legal,Corporate Counsel,60500,2015-09-25
1250,Melissa Gonzalez,Sales,VP of Sales,123000,2023-11-04
1251,Heather Brown,Marketing,Content Strategist,67000,2015-08-22
1252,Stephen James,IT,Security Analyst,51000,2017-12-25
1253,Paul Carter,HR,HR Manager,62000,2020-10-11
1254,Jerry Bailey,Marketing,Content Strategist,67500,2023-03-21
1255,Betty Bailey,HR,HR Generalist,71000,2024-09-12
1256,Robert Mitchell,Marketing,Digital Marketing Lead,88500,2021-06-14
1257,Kevin Lee,Engineering,Data Engineer,99000,2023-04-11
1258,Ronald Anderson,Engineering,Data Engineer,97500,2016-04-16
1259,Stephanie Clark,Product,Product Analyst,96000,2022-10-04
1260,Sandra Moore,Finance,Payroll Specialist,71000,2024-09-11
1261,Michael Kelly,Sales,Sales Associate,112000,2024-08-04
1262,Christine Ortiz,Engineering,Engineering Manager,81500,2022-10-15
1263,Richard Perez,Sales,Business Development Rep,90000,2023-10-24
1264,Carol Bailey,Sales,Sales Associate,72000,2018-02-24
1265,Charles Reyes,Sales,Sales Associate,103500,2017-04-10
1266,Dennis Diaz,Marketing,Marketing Specialist,59500,2015-07-21
1267,Benjamin Perez,Engineering,DevOps Engineer,93500,2021-11-10
1268,Larry Cox,Marketing,Marketing Specialist,49000,2023-02-03
1269,Michael James,Sales,Account Executive,70000,2021-09-17
1270,Justin White,Engineering,DevOps Engineer,98000,2024-06-10
1271,Ashley Hill,Sales,Business Development Rep,111000,2017-09-08
1272,Dennis Cooper,Finance,Auditor,120000,2016-12-05
1273,Amanda Clark,Marketing,Content Strategist,87000,2017-06-06
1274,Mary Gray,Finance,CFO,106500,2017-02-23
1275,Sandra Davis,Marketing,Content Strategist,102500,2019-09-23
1276,Samantha Morris,Finance,Auditor,77000,2022-04-03
1277,Jessica Robinson,IT,Security Analyst,97500,2022-06-05
1278,Christine Cook,Operations,Operations Analyst,58000,2020-06-18
1279,Anna Young,Engineering,QA Engineer,125000,2018-02-14
1280,Emily Thompson,IT,IT Support Specialist,77500,2023-09-01
1281,Justin Gutierrez,Finance,Accountant,84000,2016-07-06
1282,Steven Perez,HR,HR Generalist,64500,2024-12-15
1283,Edward Adams,HR,Talent Acquisition Lead,74500,2022-10-14
1284,Jennifer Gutierrez,Sales,Business Development Rep,78000,2023-05-03
1285,Shirley Johnson,IT,Security Analyst,97000,2024-09-02
1286,Matthew Turner,IT,Systems Administrator,73000,2020-04-03
1287,Jerry Green,Operations,Operations Analyst,93000,2016-08-21
1288,Heather Ortiz,Engineering,QA Engineer,100000,2018-02-06
1289,Ashley Nelson,Marketing,Digital Marketing Lead,81500,2019-03-02
1290,Elizabeth Johnson,HR,Recruiter,86000,2022-09-23
1291,Samuel Rodriguez,Engineering,Software Engineer,110000,2017-07-16
1292,Jessica Brown,Marketing,Marketing Specialist,85000,2021-12-20
1293,Raymond Phillips,Marketing,Content Strategist,57000,2019-04-03
1294,Michael Clark,Finance,CFO,79000,2019-06-05
1295,Jason Johnson,Engineering,Data Engineer,133000,2019-10-23
1296,Laura Hill,Marketing,Marketing Director,64500,2024-02-13
1297,Gregory Evans,Sales,VP of Sales,38500,2018-01-03
1298,Cynthia Hernandez,Finance,Auditor,77000,2024-04-02
1299,Stephanie Brooks,HR,HR Specialist,68000,2018-06-10
1300,Christopher Adams,Operations,Operations Analyst,75500,2015-08-09
1301,Joshua Smith,Sales,VP of Sales,80000,2024-02-26
1302,Cynthia Lee,Operations,Operations Manager,72000,2022-11-22
1303,Anna Carter,Marketing,Digital Marketing Lead,67000,2017-05-12
1304,Nicholas Gray,Sales,VP of Sales,98500,2021-11-01
1305,Ronald White,Engineering,Software Engineer,143500,2018-05-08
1306,Laura Walker,IT,Network Engineer,112000,2017-07-19
1307,Margaret Gomez,Engineering,Data Engineer,136000,2024-06-15
1308,Maria Watson,IT,Systems Administrator,77000,2016-02-03
1309,Edward Scott,Marketing,Marketing Specialist,101500,2023-10-23
1310,Kathleen Martinez,Sales,Business Development Rep,43500,2022-02-22
1311,Richard Evans,Product,Product Analyst,122500,2024-01-08
1312,Sarah Diaz,Engineering,DevOps Engineer,114000,2024-09-18
1313,Nancy Robinson,Product,Product Analyst,129500,2015-08-21
1314,Jerry Young,IT,Systems Administrator,79500,2023-02-21
1315,Richard Lee,Legal,Corporate Counsel,78500,2021-07-12
1316,Maria Howard,IT,Network Engineer,100500,2020-12-13
1317,Katherine Johnson,Engineering,QA Engineer,84500,2016-03-23
1318,Rachel Baker,Sales,Sales Manager,65000,2015-08-03
1319,Gary Jackson,Engineering,Engineering Manager,65500,2023-05-15
1320,Linda Edwards,Engineering,Software Engineer,115000,2019-03-01
1321,Patricia Murphy,Sales,Sales Manager,106000,2024-05-14
1322,Aaron Clark,Sales,VP of Sales,122500,2020-10-26
1323,Laura Turner,Operations,Project Manager,95000,2023-02-21
1324,Karen Howard,Sales,Sales Manager,120500,2018-04-20
1325,Elizabeth White,IT,IT Support Specialist,109000,2020-05-22
1326,Julie Lee,Engineering,Engineering Manager,121500,2023-04-17
1327,Stephen Brown,HR,HR Manager,56000,2019-10-23
1328,Patricia White,Sales,Account Executive,52000,2017-01-14
1329,Samuel Perez,Sales,Business Development Rep,104000,2024-06-21
1330,Mark Murphy,HR,Talent Acquisition Lead,69000,2021-01-23
1331,Dennis Moore,Finance,Financial Analyst,132500,2023-12-22
1332,Brian Allen,Finance,Auditor,97500,2020-12-11
1333,Aaron Rodriguez,Product,VP of Product,73000,2016-03-13
1334,Catherine Cooper,HR,Talent Acquisition Lead,58500,2019-03-10
1335,Steven Rivera,IT,IT Director,104500,2019-04-17
1336,Christopher Kelly,Product,Product Analyst,91000,2018-07-07
1337,Steven Smith,Sales,Business Development Rep,80500,2023-06-14
1338,Cynthia Reyes,Finance,Auditor,61500,2023-04-21
1339,Sandra White,Engineering,Engineering Manager,69500,2021-03-23
1340,Janet Wilson,IT,IT Support Specialist,49500,2020-12-09
1341,Brian Parker,Engineering,Senior Developer,78500,2023-05-04
1342,Deborah Allen,Sales,Account Executive,45500,2018-08-15
1343,Melissa Peterson,Finance,Accountant,50500,2022-09-05
1344,Laura Lee,IT,Network Engineer,76500,2019-08-17
1345,Charles James,Marketing,Marketing Specialist,48500,2023-01-18
1346,Angela Peterson,Sales,Sales Associate,100000,2022-02-26
1347,Kevin Green,Sales,Sales Associate,124500,2016-06-14
1348,Helen Cook,Finance,Payroll Specialist,131000,2020-09-02
1349,Brenda Thomas,Finance,Payroll Specialist,117000,2020-12-24
1350,Michelle Nguyen,Sales,Account Executive,54500,2017-01-07
1351,Christopher Martin,HR,HR Generalist,70500,2018-06-15
1352,Julie James,Marketing,Digital Marketing Lead,56500,2023-08-26
1353,Margaret Sanchez,Marketing,Content Strategist,64000,2017-08-12
1354,Dennis Adams,HR,HR Generalist,66000,2023-11-18
1355,Kevin Jackson,Finance,Finance Manager,50500,2024-08-24
1356,Janet Green,Marketing,Marketing Director,49000,2021-09-15
1357,Joseph Mitchell,Operations,Project Manager,92500,2018-06-12
1358,Mary Miller,Marketing,Marketing Director,107500,2016-11-08
1359,Virginia Allen,Marketing,Marketing Director,59000,2019-04-06
1360,Charles Young,Engineering,DevOps Engineer,140500,2021-01-13
1361,Christopher Robinson,Marketing,Digital Marketing Lead,75500,2020-10-27
1362,Anthony Morgan,Marketing,Marketing Specialist,68500,2023-04-02
1363,Betty Jones,Legal,Legal Manager,152500,2023-04-06
1364,Deborah Garcia,Sales,Business Development Rep,68000,2016-12-12
1365,Larry James,IT,Network Engineer,42500,2024-05-24
1366,Carolyn Morris,Sales,Sales Manager,56000,2016-09-19
1367,George Brooks,Sales,Sales Associate,122000,2020-01-05
1368,David Anderson,IT,Systems Administrator,100000,2016-02-03
1369,Michelle Ramirez,Sales,Sales Associate,76500,2015-08-23
1370,Alexander Morales,IT,IT Support Specialist,105000,2020-05-03
1371,Jeffrey Evans,Marketing,Digital Marketing Lead,65500,2021-09-03
1372,Scott Ward,IT,Systems Administrator,114500,2021-11-27
1373,Heather Rivera,Finance,Auditor,134500,2022-03-19
1374,Sandra Cox,HR,HR Specialist,48000,2022-08-14
1375,Betty Gray,Engineering,Software Engineer,113000,2017-03-10
1376,Charles Reed,Operations,Operations Analyst,93000,2023-11-23
1377,Charles Campbell,Finance,CFO,82000,2018-08-17
1378,Sandra Rodriguez,Engineering,QA Engineer,106500,2019-03-09
1379,Ryan Cox,Sales,Business Development Rep,70500,2018-12-08
1380,Mary Bennett,Operations,Operations Manager,50000,2021-01-16
1381,Sandra Lopez,Marketing,Content Strategist,109000,2019-05-16
1382,Karen Gutierrez,HR,Talent Acquisition Lead,42000,2023-09-04
1383,Steven Watson,Engineering,Software Engineer,92000,2022-12-22
1384,Pamela Rivera,Sales,Sales Associate,64500,2018-06-08
1385,Christopher Gomez,Finance,Financial Analyst,126000,2018-07-07
1386,Janet Ramirez,IT,Security Analyst,50500,2020-12-02
1387,Rachel King,HR,HR Specialist,82500,2022-07-06
1388,Jennifer Bennett,IT,Systems Administrator,48500,2020-10-27
1389,Linda Chavez,IT,Systems Administrator,84500,2015-03-08
1390,Susan Wright,Finance,Auditor,119000,2020-01-14
1391,Kathleen Davis,Engineering,QA Engineer,76500,2019-01-10
1392,Rebecca Rodriguez,Sales,Sales Associate,42500,2015-08-21
1393,Ronald Collins,HR,HR Specialist,62000,2017-11-13
1394,Dorothy Hall,Finance,Auditor,56000,2022-08-21
1395,Barbara Stewart,IT,IT Director,106000,2021-12-26
1396,Jonathan Davis,Operations,Project Manager,58500,2021-01-15
1397,Christine Brooks,IT,Security Analyst,45500,2018-02-05
1398,Charles Ramirez,HR,HR Specialist,76500,2024-03-15
1399,Joshua Hill,Finance,Payroll Specialist,134000,2024-02-19
1400,Justin Kim,Engineering,Senior Developer,130000,2020-09-25
1401,Kenneth Ramirez,Engineering,Engineering Manager,120000,2019-02-06
1402,John Thomas,Legal,Corporate Counsel,133500,2023-12-03
1403,Nicholas Diaz,Marketing,Content Strategist,80000,2019-01-25
1404,Daniel White,Marketing,Digital Marketing Lead,52500,2020-11-18
1405,Emily Hall,IT,IT Director,103000,2016-03-03
1406,Margaret Baker,Product,Product Owner,129000,2024-11-25
1407,Diane Allen,HR,Recruiter,62500,2019-07-04
1408,Andrew Parker,Sales,Business Development Rep,109000,2024-12-18
1409,Janet Wright,IT,Network Engineer,89000,2015-01-06
1410,Amy Morgan,HR,HR Generalist,66000,2020-01-04
1411,Deborah Morgan,IT,Network Engineer,112000,2018-10-27
1412,Dorothy Murphy,Finance,Finance Manager,74000,2020-11-15
1413,Sandra Adams,Product,VP of Product,87000,2024-12-05
1414,Steven Gray,Finance,Accountant,119500,2023-01-13
1415,Ryan Campbell,Engineering,Software Engineer,119500,2020-04-05
1416,Andrew Carter,HR,Talent Acquisition Lead,61000,2021-03-03
1417,Carol Young,Sales,Account Executive,38000,2019-12-11
1418,Aaron Ortiz,IT,Security Analyst,72500,2022-03-13
1419,Heather Hernandez,IT,IT Director,97500,2017-12-18
1420,Julie Bennett,Marketing,Content Strategist,100000,2019-08-05
1421,Thomas Scott,Product,Product Owner,66000,2016-11-22
1422,Brian Campbell,Operations,Operations Analyst,89500,2021-12-05
1423,Benjamin Parker,IT,IT Support Specialist,90500,2020-01-19
1424,Charles Sanchez,Legal,Legal Manager,111000,2020-07-26
1425,Diane Howard,IT,Network Engineer,104000,2023-03-18
1426,Benjamin Gomez,Operations,Operations Manager,73500,2017-04-07
1427,Steven Mitchell,Legal,Legal Manager,137000,2015-01-17
1428,Dennis Bailey,Engineering,Engineering Manager,81500,2019-07-16
1429,Maria Perez,Sales,Sales Manager,74500,2020-10-10
1430,Amy Lee,Finance,Accountant,59500,2022-03-24
1431,Sandra Cruz,Sales,Sales Manager,115500,2016-08-26
1432,Julie Peterson,Engineering,DevOps Engineer,126500,2018-09-05
1433,James Anderson,Engineering,Data Engineer,67000,2023-01-04
1434,Steven Rogers,Engineering,Software Engineer,81000,2018-06-11
1435,Jerry Bailey,Engineering,QA Engineer,121000,2016-03-27
1436,Virginia Thomas,Sales,Sales Associate,97500,2016-10-16
1437,Virginia Reyes,Engineering,Senior Developer,106000,2022-12-02
1438,Kenneth Gutierrez,Sales,Sales Manager,61500,2019-07-01
1439,Thomas Robinson,Legal,Legal Assistant,116000,2023-09-22
1440,Mark Watson,Sales,Account Executive,118500,2018-08-22
1441,Stephanie Martin,Sales,Account Executive,54000,2018-05-24
1442,Brandon Perez,Marketing,Digital Marketing Lead,98000,2021-08-18
1443,Barbara Walker,IT,IT Support Specialist,87000,2023-12-17
1444,Brandon Cruz,Engineering,Senior Developer,91500,2016-06-06
1445,Benjamin Gray,Marketing,Marketing Specialist,77000,2019-12-25
1446,Amy Lewis,Product,Product Manager,84000,2017-09-27
1447,Kimberly Baker,Marketing,Content Strategist,85000,2017-01-06
1448,Sharon Ramos,Sales,Sales Associate,70000,2021-10-01
1449,Cynthia Diaz,Engineering,Data Engineer,72000,2019-01-24
1450,David Taylor,Sales,Sales Associate,113000,2023-05-20
1451,Samuel Chavez,Marketing,Content Strategist,87500,2019-06-16
1452,Aaron Ramirez,Operations,Operations Manager,97500,2016-03-12
1453,Stephen Gonzalez,Finance,Payroll Specialist,74500,2016-09-09
1454,Donna Howard,Sales,Sales Associate,65500,2021-02-09
1455,Rachel Davis,Marketing,Content Strategist,65500,2020-12-12
1456,Christopher Ramirez,Sales,Sales Associate,112000,2019-12-11
1457,Jerry Gonzalez,Engineering,Engineering Manager,70000,2024-05-12
1458,George Evans,Sales,VP of Sales,58000,2020-08-02
1459,Debra Watson,Engineering,Senior Developer,142500,2023-03-15
1460,Virginia Taylor,Product,Product Analyst,89000,2023-04-26
1461,Cynthia Cook,IT,Security Analyst,85500,2015-08-26
1462,Pamela Clark,Marketing,Content Strategist,93000,2023-02-05
1463,Jennifer Miller,Engineering,Data Engineer,89000,2015-07-26
1464,Michael Cruz,Finance,Finance Manager,103500,2018-07-04
1465,Ronald Reed,HR,HR Specialist,67500,2023-08-08
1466,Brian Bennett,Engineering,DevOps Engineer,62000,2016-02-13
1467,Brandon Gray,Sales,Business Development Rep,59500,2023-07-05
1468,Sharon Wood,HR,HR Generalist,89000,2023-01-27
1469,Carolyn Peterson,Engineering,Senior Developer,106000,2017-11-13
1470,Timothy Bailey,Marketing,Digital Marketing Lead,107000,2015-04-06
1471,Rachel Turner,Finance,Financial Analyst,84000,2024-01-18
1472,Robert Wood,Marketing,SEO Manager,77000,2020-01-18
1473,Donna Clark,Sales,VP of Sales,59500,2019-05-06
1474,Donna Morris,Sales,Account Executive,103000,2024-03-06
1475,Raymond Davis,IT,Network Engineer,50500,2015-01-16
1476,Justin Kim,HR,HR Generalist,84500,2020-09-16
1477,Angela Mitchell,Finance,Finance Manager,63000,2023-12-11
1478,Tyler Moore,Marketing,Content Strategist,72500,2020-04-12
1479,Donald Collins,Finance,Financial Analyst,62000,2019-02-02
1480,Linda Gonzalez,Operations,Project Manager,81000,2018-01-11
1481,Kenneth Watson,Engineering,Senior Developer,115000,2020-12-09
1482,Andrew Kelly,Sales,Business Development Rep,107000,2024-11-21
1483,Rachel Adams,IT,IT Support Specialist,62000,2022-11-22
1484,Tyler Clark,Engineering,DevOps Engineer,143500,2024-04-09
1485,Rebecca Clark,Product,Product Manager,118500,2015-03-20
1486,Karen Wright,Engineering,DevOps Engineer,80000,2015-02-13
1487,Raymond Wood,Marketing,Content Strategist,105500,2015-02-01
1488,Laura Sanchez,Product,Product Analyst,94500,2023-09-05
1489,Nicholas Taylor,Engineering,Data Engineer,86500,2018-05-11
1490,Sharon Gomez,Finance,Auditor,124000,2017-03-13
1491,Cynthia Peterson,Operations,Operations Manager,84000,2022-05-21
1492,Nicole Brown,Operations,Supply Chain Coordinator,95500,2016-04-13
1493,Raymond Davis,Engineering,DevOps Engineer,142500,2023-11-04
1494,Joseph Torres,Finance,Finance Manager,93000,2018-02-24
1495,Lisa Brown,Engineering,Software Engineer,87000,2021-05-24
1496,Daniel Morgan,Finance,Payroll Specialist,105000,2023-09-25
1497,Cynthia Turner,Finance,Financial Analyst,133000,2018-03-19
1498,Debra Campbell,Engineering,QA Engineer,80000,2018-09-05
1499,Richard Gray,Marketing,Marketing Director,65000,2017-09-16
1500,George Hill,IT,IT Director,44500,2022-01-16
1501,Ryan Walker,Sales,Sales Manager,68500,2023-01-11
1502,Maria Martinez,HR,HR Specialist,68000,2018-09-27
1503,Christopher Cook,Sales,Sales Manager,115500,2015-09-24
1504,Shirley Anderson,Sales,Sales Manager,57000,2021-10-07
1505,Jeffrey Watson,Engineering,Software Engineer,144000,2023-06-06
1506,Christine Phillips,Engineering,Software Engineer,101500,2021-01-17
1507,Eric Anderson,HR,HR Generalist,46000,2015-03-11
1508,Steven Cox,Sales,Account Executive,75500,2021-04-24
1509,Ryan Lewis,Sales,Sales Associate,120500,2015-08-19
1510,Nicholas Morgan,Sales,VP of Sales,105000,2017-03-12
1511,Samantha Nelson,Operations,Supply Chain Coordinator,101000,2018-12-23
1512,Mary Perez,Sales,VP of Sales,81500,2022-07-03
1513,Jessica Chavez,Marketing,Digital Marketing Lead,79000,2022-12-01
1514,Barbara Evans,IT,Network Engineer,58500,2015-06-01
1515,Robert Cruz,Operations,Operations Analyst,84000,2022-11-01
1516,Kathleen Roberts,Finance,Finance Manager,134500,2019-11-02
1517,Catherine Campbell,Finance,Financial Analyst,94000,2018-06-07
1518,Brandon Gray,Engineering,DevOps Engineer,82500,2022-02-10
1519,Jeffrey Davis,Engineering,Data Engineer,115000,2016-06-26
1520,Jonathan Ramirez,Finance,Payroll Specialist,62000,2015-12-07
1521,John Martinez,HR,HR Manager,81000,2016-12-24
1522,Brenda Nguyen,Legal,Compliance Specialist,152500,2021-11-15
1523,Virginia Martin,IT,Security Analyst,106500,2017-04-03
1524,Shirley Robinson,Marketing,SEO Manager,76500,2024-09-01
1525,Maria Mitchell,Marketing,SEO Manager,78500,2016-04-01
1526,Samuel Sanchez,Finance,Payroll Specialist,63000,2020-03-16
1527,Christopher Perez,Marketing,Marketing Specialist,97000,2015-01-13
1528,Angela Miller,IT,Security Analyst,107500,2015-10-04
1529,Larry Rivera,Engineering,Engineering Manager,133500,2020-01-10
1530,Anthony Turner,IT,Security Analyst,49500,2019-09-15
1531,Joseph Brown,Finance,Financial Analyst,116000,2022-12-17
1532,Kevin Green,IT,Security Analyst,104500,2022-07-17
1533,Daniel Phillips,Engineering,Software Engineer,81500,2019-11-16
1534,Kimberly Flores,Finance,Accountant,75500,2024-01-11
1535,Jessica Brooks,Finance,Accountant,114500,2020-03-04
1536,Ryan Morales,HR,HR Manager,74500,2020-01-23
1537,Patrick Davis,Engineering,Senior Developer,83000,2023-06-11
1538,Frank Hill,IT,Security Analyst,61000,2020-05-09
1539,Katherine Parker,Sales,Account Executive,58000,2020-10-08
1540,Emily Torres,Sales,Account Executive,62000,2020-11-26
1541,Jeffrey Kim,IT,IT Director,96000,2020-08-04
1542,Janet Ward,IT,Network Engineer,55000,2020-02-25
1543,James Nguyen,Engineering,Data Engineer,95500,2019-02-07
1544,Eric Campbell,Sales,Sales Manager,50000,2015-04-12
1545,Cynthia Clark,HR,HR Specialist,72500,2024-04-24
1546,Matthew Diaz,IT,IT Director,104000,2024-01-10
1547,Laura Hill,IT,Systems Administrator,42000,2020-03-13
1548,Steven Hill,Engineering,Engineering Manager,92500,2015-12-23
1549,Samantha Gutierrez,Finance,CFO,107500,2019-07-13
1550,Ashley Rivera,Finance,Payroll Specialist,53500,2021-08-21
1551,Shirley Garcia,Sales,Sales Associate,102500,2015-11-10
1552,Nicole Martinez,Marketing,SEO Manager,85500,2016-09-10
1553,Margaret Hernandez,IT,Network Engineer,89000,2022-08-11
1554,William Campbell,Sales,Sales Associate,87000,2017-10-08
1555,George Cook,IT,IT Support Specialist,47500,2020-01-02
1556,Raymond Mitchell,Product,Product Manager,93500,2021-08-26
1557,Thomas Peterson,Engineering,Senior Developer,121500,2017-07-26
1558,Edward Evans,Sales,Sales Associate,77000,2023-11-03
1559,Brandon Lewis,Marketing,Content Strategist,72000,2023-06-09
1560,Sharon Cook,Finance,CFO,62500,2023-03-12
1561,Ronald Peterson,Finance,Finance Manager,97500,2016-09-13
1562,Joseph Williams,Engineering,Engineering Manager,97000,2023-08-18
1563,Ronald Mitchell,IT,Security Analyst,97000,2022-04-15
1564,Janet Cruz,Legal,Corporate Counsel,102500,2020-04-27
1565,Raymond Gutierrez,IT,Network Engineer,69000,2018-11-20
1566,Justin Robinson,IT,Systems Administrator,90000,2016-08-15
1567,Melissa Harris,Marketing,Marketing Specialist,58500,2024-05-16
1568,Brian Morris,Sales,Account Executive,115000,2015-03-05
1569,Samuel Murphy,Sales,Sales Manager,124500,2023-12-06
1570,Donald Edwards,Product,Product Owner,146000,2024-04-10
1571,Tyler Bennett,Sales,Business Development Rep,97000,2020-08-08
1572,Ryan Cruz,IT,Network Engineer,52500,2024-12-11
1573,Brandon Richardson,Engineering,Senior Developer,120500,2017-10-23
1574,Sarah Morris,Sales,Sales Associate,91000,2020-03-01
1575,Catherine Hall,Operations,Operations Analyst,93500,2018-07-22
1576,Brenda Evans,Sales,Business Development Rep,62000,2021-07-06
1577,Rachel Wood,Sales,Business Development Rep,38000,2015-12-08
1578,James Torres,IT,IT Director,62500,2017-05-24
1579,Dorothy Roberts,Sales,Sales Associate,40000,2022-08-07
1580,Julie Kim,Operations,Project Manager,60500,2015-06-06
1581,Melissa Clark,Legal,Compliance Specialist,88500,2024-03-13
1582,Patrick Wright,Marketing,Marketing Director,105000,2017-04-11
1583,Ryan Lee,Sales,Sales Manager,52000,2019-03-22
1584,Donna Walker,Sales,Account Executive,90500,2018-07-15
1585,Laura Williams,Marketing,Marketing Director,50000,2016-10-11
1586,Matthew Martin,Marketing,SEO Manager,47500,2016-07-05
1587,Gary Collins,Finance,Payroll Specialist,83500,2016-04-22
1588,Carol Wood,Product,Product Owner,118500,2016-11-23
1589,Rebecca Brooks,Engineering,DevOps Engineer,96000,2023-11-25
1590,Rebecca Kelly,Marketing,Marketing Specialist,106500,2021-04-01
1591,Joseph Ramos,Engineering,Senior Developer,83000,2015-02-20
1592,Deborah Allen,Marketing,SEO Manager,76000,2020-04-06
1593,John Ramirez,HR,Talent Acquisition Lead,59000,2016-05-17
1594,Virginia Rogers,Product,UX/UI Designer,89500,2022-11-22
1595,Karen Davis,Engineering,Senior Developer,65000,2015-04-20
1596,Jason Thomas,Sales,Sales Manager,122000,2022-11-21
1597,Alexander Mendoza,Operations,Operations Analyst,73500,2018-05-10
1598,Benjamin Cruz,Finance,Payroll Specialist,117000,2018-12-07
1599,Timothy Lopez,Sales,Account Executive,70000,2017-11-02
1600,Deborah Peterson,IT,IT Support Specialist,67000,2018-02-06
1601,Rachel Martinez,Engineering,Data Engineer,79500,2017-05-25
1602,Michelle Bailey,Finance,Finance Manager,73000,2022-12-10
1603,Kenneth Ramirez,Finance,Payroll Specialist,130500,2018-05-26
1604,Debra Brown,Engineering,Engineering Manager,78500,2022-08-23
1605,Nancy Johnson,Operations,Operations Manager,79500,2019-06-10
1606,Michelle White,Marketing,Digital Marketing Lead,88500,2021-01-01
1607,Jack Cruz,Sales,VP of Sales,79000,2023-06-13
1608,Frank Mitchell,HR,HR Generalist,85500,2015-10-15
1609,Brandon Morales,Engineering,Data Engineer,103500,2023-08-20
1610,Carolyn James,HR,HR Specialist,40000,2020-03-07
1611,Jerry Mitchell,Finance,Auditor,80500,2023-08-13
1612,Benjamin Garcia,Marketing,Marketing Specialist,43500,2020-04-07
1613,Anna Harris,Sales,Sales Manager,118000,2020-08-21
1614,Catherine Gutierrez,IT,IT Director,48500,2016-06-06
1615,Anna Bailey,Finance,CFO,73500,2017-10-03
1616,Ryan Ramos,Marketing,Marketing Director,54000,2018-09-09
1617,Mark James,Operations,Operations Manager,65500,2020-04-13
1618,Brian Adams,Sales,Business Development Rep,56500,2015-06-04
1619,Dennis Smith,Finance,Financial Analyst,64000,2024-08-18
1620,Patrick Thompson,IT,Network Engineer,108500,2021-05-17
1621,Margaret Stewart,Engineering,Senior Developer,136500,2016-01-07
1622,Richard Brooks,Engineering,Data Engineer,124000,2019-07-17
1623,Michelle Chavez,Marketing,Marketing Specialist,73500,2024-12-21
1624,Alexander Phillips,IT,Systems Administrator,73000,2023-06-15
1625,James Baker,Engineering,Senior Developer,129000,2023-12-01
1626,Nicole Cruz,Engineering,DevOps Engineer,75500,2015-11-08
1627,Carol Morris,Engineering,DevOps Engineer,82500,2015-10-21
1628,Gregory Flores,Product,UX/UI Designer,90000,2017-06-08
1629,Edward Hernandez,IT,IT Director,65500,2016-08-19
1630,Aaron Ramirez,Marketing,SEO Manager,103000,2016-06-23
1631,Andrew Ortiz,Finance,Financial Analyst,125000,2024-04-26
1632,Ashley Watson,Sales,Business Development Rep,109500,2024-12-03
1633,Julie Parker,Finance,Financial Analyst,49500,2016-08-01
1634,Gary Ramos,Engineering,Senior Developer,108000,2020-12-27
1635,William Thomas,Sales,VP of Sales,43500,2024-08-22
1636,Larry Sanchez,Marketing,Content Strategist,73500,2017-08-05
1637,Eric Edwards,Product,Product Manager,114000,2017-12-09
1638,Timothy Baker,Finance,Accountant,66500,2016-04-12
1639,Alexander Brown,IT,Systems Administrator,68000,2017-10-21
1640,Frank Wood,Operations,Project Manager,58500,2015-04-06
1641,Joseph Phillips,Sales,Sales Associate,69500,2022-09-26
1642,Robert Cooper,Product,Product Analyst,106000,2018-11-18
1643,Christopher Bennett,HR,HR Manager,50000,2023-04-17
1644,Anna Howard,Sales,VP of Sales,93000,2019-07-05
1645,Sharon Collins,Legal,Legal Assistant,131500,2023-11-16
1646,Mary Cook,Sales,Sales Manager,43500,2021-10-13
1647,Anna Morales,Marketing,Marketing Director,104500,2024-09-07
1648,Jack Edwards,Finance,Accountant,87000,2018-09-12
1649,James Diaz,IT,IT Director,60500,2015-09-10
1650,Rebecca Adams,Operations,Operations Analyst,81500,2020-03-13
1651,Samantha Davis,Engineering,Software Engineer,119500,2015-06-17
1652,Nicole Hall,Operations,Project Manager,85000,2022-06-27
1653,Richard Walker,IT,Network Engineer,51000,2020-05-22
1654,Laura Carter,Finance,Accountant,70500,2019-10-20
1655,Jennifer Cooper,Marketing,Content Strategist,47000,2021-12-23
1656,Joseph Jackson,Sales,Business Development Rep,65000,2015-03-19
1657,Karen Wright,Finance,Auditor,66000,2022-01-07
1658,Deborah Cook,Finance,Auditor,109000,2024-05-16
1659,Brandon Ortiz,Marketing,Digital Marketing Lead,104500,2018-10-13
1660,Shirley Walker,Engineering,DevOps Engineer,119500,2023-07-13
1661,Shirley Davis,Engineering,QA Engineer,95000,2021-10-25
1662,Samantha Robinson,Sales,Account Executive,76000,2019-07-02
1663,Kevin Hall,Marketing,Content Strategist,81500,2018-07-06
1664,Ashley Moore,IT,IT Support Specialist,46500,2019-10-20
1665,Jennifer Morales,IT,Network Engineer,112000,2015-04-04
1666,Benjamin Green,IT,Network Engineer,82000,2015-04-22
1667,David Kim,Legal,Compliance Specialist,68500,2021-01-18
1668,Larry Thompson,Engineering,Data Engineer,138500,2018-07-25
1669,Margaret Harris,Sales,Account Executive,66000,2024-07-09
1670,Matthew Cox,Engineering,Senior Developer,135500,2019-05-22
1671,Brian Miller,Engineering,Engineering Manager,65500,2016-12-25
1672,Carol Brooks,Engineering,DevOps Engineer,84500,2017-02-03
1673,Ryan Thomas,Engineering,QA Engineer,130000,2024-12-13
1674,Patricia Johnson,Engineering,DevOps Engineer,64500,2022-07-15
1675,Dorothy Morales,Engineering,QA Engineer,76500,2015-01-24
1676,Emily James,Engineering,Senior Developer,112000,2020-12-05
1677,Sandra Thompson,IT,IT Support Specialist,108500,2018-12-05
1678,Donald Gutierrez,HR,HR Generalist,64000,2024-05-05
1679,Anthony Diaz,Engineering,QA Engineer,140000,2020-04-02
1680,Nancy Thomas,Engineering,Engineering Manager,80000,2017-07-02
1681,Richard Nelson,Marketing,Marketing Director,77000,2018-04-15
1682,Emily Reed,IT,Network Engineer,55500,2020-04-15
1683,Brandon Cruz,Engineering,QA Engineer,63000,2016-05-20
1684,Alexander Howard,Finance,Accountant,108000,2016-10-09
1685,Jack Miller,Engineering,Senior Developer,137500,2023-05-19
1686,Jack Evans,Sales,Sales Manager,39000,2016-02-24
1687,Thomas Thomas,Marketing,Marketing Director,45000,2022-01-11
1688,Gregory Brown,Marketing,Content Strategist,100000,2015-01-11
1689,Janet Cook,Marketing,Marketing Director,97500,2021-02-10
1690,Lisa Brown,Engineering,Senior Developer,101500,2017-12-03
1691,Anthony Turner,Marketing,Content Strategist,90000,2020-04-06
1692,Margaret Harris,Engineering,Senior Developer,68500,2024-08-01
1693,Scott Adams,IT,IT Director,82000,2023-04-18
1694,Anthony Green,Legal,Legal Manager,109500,2023-02-12
1695,Michelle Reed,Finance,Financial Analyst,117000,2018-07-02
1696,Nicholas Gomez,HR,HR Manager,57500,2023-02-15
1697,Barbara Ramirez,Engineering,Data Engineer,79000,2019-02-24
1698,Susan King,Product,Product Analyst,71000,2020-04-13
1699,Emily Perez,HR,Talent Acquisition Lead,86000,2022-09-01
1700,Brian Scott,Marketing,SEO Manager,59000,2019-04-21
1701,Julie Cox,Finance,CFO,126500,2015-07-14
1702,Jacob Peterson,Engineering,QA Engineer,85000,2020-12-02
1703,Robert Clark,Finance,Finance Manager,115500,2015-05-03
1704,Thomas Chavez,Engineering,Engineering Manager,129500,2022-11-20
1705,Steven Jones,HR,HR Specialist,80500,2020-02-13
1706,Jonathan Bailey,Engineering,QA Engineer,124000,2021-11-07
1707,Rebecca Mendoza,Finance,CFO,116000,2017-04-14
1708,Eric Cook,IT,IT Director,66500,2015-02-20
1709,Helen Davis,IT,Network Engineer,111000,2017-12-03
1710,Jonathan Ramos,Marketing,Digital Marketing Lead,58500,2020-03-06
1711,Patrick Hall,Sales,VP of Sales,90500,2020-12-20
1712,Timothy Bennett,IT,Security Analyst,82500,2024-03-26
1713,Daniel Nelson,IT,Systems Administrator,55000,2022-03-16
1714,Kenneth Gomez,Marketing,SEO Manager,88000,2020-02-11
1715,Charles Murphy,Finance,Auditor,52500,2015-10-01
1716,Jerry Bailey,Marketing,SEO Manager,102500,2023-12-26
1717,Virginia Lopez,Finance,Payroll Specialist,81000,2023-09-22
1718,Rebecca Cruz,Legal,Legal Manager,64000,2015-07-14
1719,David Turner,Marketing,Marketing Director,82000,2023-10-25
1720,Rebecca Lewis,IT,Security Analyst,69000,2017-12-17
1721,Eric Richardson,Engineering,QA Engineer,95500,2022-09-19
1722,Virginia Campbell,Marketing,Digital Marketing Lead,67000,2020-07-25
1723,Michael Perez,Engineering,Software Engineer,77500,2024-10-25
1724,Michael Roberts,Finance,Auditor,53500,2019-12-02
1725,Patricia Taylor,Marketing,Content Strategist,92000,2015-07-18
1726,Larry Stewart,Marketing,Marketing Director,54000,2018-02-20
1727,Kevin Clark,Marketing,Marketing Specialist,90500,2017-11-27
1728,Mark Brown,Marketing,Content Strategist,66000,2021-09-04
1729,Sandra Robinson,IT,IT Support Specialist,113500,2018-02-26
1730,Timothy Peterson,Sales,Account Executive,113500,2021-10-13
1731,Jennifer Cooper,Marketing,SEO Manager,49500,2019-09-10
1732,Paul Kelly,Sales,Sales Manager,123000,2023-06-21
1733,Pamela Lewis,IT,IT Director,66500,2016-04-07
1734,Amanda Turner,Engineering,DevOps Engineer,108500,2020-05-26
1735,Paul Collins,Engineering,DevOps Engineer,130000,2016-04-17
1736,Heather Mendoza,Marketing,Digital Marketing Lead,103500,2020-10-25
1737,Jeffrey James,Finance,CFO,119000,2017-07-17
1738,William Edwards,Engineering,Data Engineer,144500,2019-10-21
1739,Maria Collins,IT,IT Support Specialist,42500,2017-03-10
1740,Janet Lewis,Finance,CFO,53500,2020-03-03
1741,Linda Davis,Operations,Supply Chain Coordinator,82000,2018-03-21
1742,Eric Hall,Marketing,Marketing Director,102500,2023-12-14
1743,Scott Peterson,Engineering,Engineering Manager,113000,2023-06-24
1744,Tyler Baker,Engineering,DevOps Engineer,110000,2022-08-17
1745,Frank Roberts,Engineering,Software Engineer,86000,2024-09-04
1746,Daniel Nelson,Sales,VP of Sales,64000,2023-02-13
1747,Kevin Cox,IT,Network Engineer,70000,2023-12-19
1748,Sharon Clark,Sales,Sales Associate,68500,2018-12-01
1749,Angela Rivera,Legal,Legal Manager,134500,2022-07-13
1750,Richard Morgan,Engineering,Engineering Manager,85000,2016-02-10
1751,Brian Campbell,Product,VP of Product,134000,2017-03-07
1752,Timothy Sanchez,Operations,Project Manager,59500,2022-09-01
1753,Ronald Nelson,Legal,Compliance Specialist,111500,2020-03-18
1754,Pamela Diaz,IT,Security Analyst,44500,2018-01-05
1755,Betty Flores,HR,Talent Acquisition Lead,55500,2021-12-22
1756,Nancy Thomas,Marketing,SEO Manager,62500,2022-12-23
1757,Debra James,Finance,Payroll Specialist,119500,2023-01-06
1758,Daniel Murphy,Sales,Sales Manager,39000,2016-07-15
1759,Dennis Lee,HR,HR Manager,61000,2016-08-19
1760,George Flores,IT,IT Support Specialist,88500,2018-11-06
1761,Patrick Rodriguez,Sales,Sales Associate,78500,2019-10-08
1762,Brian Kim,Finance,Auditor,95000,2020-05-17
1763,Margaret Green,Engineering,Senior Developer,134000,2020-11-25
1764,Donna Garcia,Engineering,Engineering Manager,62500,2022-03-23
1765,Jerry White,Engineering,Software Engineer,119000,2022-03-01
1766,Diane Harris,Engineering,QA Engineer,72500,2016-03-23
1767,Samuel Harris,Sales,Sales Manager,65000,2015-10-19
1768,Dennis King,Engineering,Senior Developer,141000,2023-06-21
1769,Helen Mitchell,Engineering,Senior Developer,107500,2023-04-18
1770,Cynthia Mendoza,Finance,Financial Analyst,97500,2018-08-09
1771,William Sanchez,Product,Product Owner,71000,2018-05-23
1772,Robert Martin,Sales,Account Executive,74000,2018-10-13
1773,Brenda Stewart,IT,Network Engineer,87000,2023-05-11
1774,Jerry Adams,Operations,Supply Chain Coordinator,57500,2019-10-24
1775,Larry Phillips,HR,HR Generalist,57000,2021-08-07
1776,Gregory Thompson,Finance,Accountant,48000,2019-07-25
1777,Mark Roberts,IT,Systems Administrator,114500,2023-10-07
1778,Janet Cooper,Finance,Finance Manager,77000,2020-04-05
1779,Samuel Bennett,Finance,Finance Manager,48500,2022-09-04
1780,Joseph Diaz,Sales,Sales Associate,43500,2020-04-07
1781,Sandra Chavez,Sales,Sales Manager,58000,2016-12-16
1782,Samuel Adams,HR,Talent Acquisition Lead,81500,2021-11-10
1783,Kimberly Scott,Engineering,Senior Developer,131500,2020-09-23
1784,Benjamin Rivera,Marketing,Content Strategist,86000,2017-02-03
1785,Justin Nguyen,Engineering,DevOps Engineer,81000,2022-07-27
1786,Anna Gomez,Product,Product Owner,80000,2015-08-24
1787,Angela Wright,Operations,Project Manager,51000,2022-07-27
1788,James Richardson,Operations,Supply Chain Coordinator,48000,2023-11-11
1789,Carol Allen,Engineering,QA Engineer,94500,2023-11-17
1790,Jerry Mitchell,Operations,Supply Chain Coordinator,83500,2018-03-20
1791,Susan Morales,Sales,VP of Sales,67000,2015-12-24
1792,Daniel Brooks,Finance,CFO,118500,2020-11-15
1793,Deborah Scott,IT,Network Engineer,89500,2023-02-24
1794,Julie Stewart,Engineering,Engineering Manager,127000,2015-01-02
1795,Kathleen Ward,Finance,Financial Analyst,71500,2016-06-07
1796,Raymond Walker,Engineering,Software Engineer,81000,2022-11-22
1797,Mary Watson,Finance,Financial Analyst,59000,2018-05-21
1798,Nancy Wright,Operations,Project Manager,64000,2015-11-17
1799,Samantha Edwards,Engineering,QA Engineer,66000,2016-06-17
1800,Aaron Morgan,IT,Network Engineer,105000,2019-08-09
1801,Jonathan Adams,IT,Systems Administrator,82000,2020-06-02
1802,Jason Lewis,Engineering,Engineering Manager,69500,2016-07-01
1803,Dennis Smith,Engineering,QA Engineer,135500,2016-11-11
1804,Ryan Young,Sales,Account Executive,71500,2021-04-06
1805,Kathleen Richardson,IT,IT Support Specialist,46500,2022-01-13
1806,Sharon Moore,Finance,Financial Analyst,48000,2021-10-17
1807,Brandon Moore,Operations,Operations Manager,47500,2016-10-04
1808,Eric Peterson,HR,Recruiter,64000,2022-06-22
1809,Nicholas Ortiz,Legal,Legal Manager,86500,2019-10-14
1810,William Campbell,Finance,Finance Manager,133000,2018-08-27
1811,Donna Bailey,IT,Systems Administrator,112000,2021-03-22
1812,Gary Cruz,IT,Network Engineer,64500,2020-11-20
1813,Donald Green,HR,HR Specialist,53500,2016-07-26
1814,Thomas Nguyen,IT,Systems Administrator,108500,2022-06-03
1815,Sharon Jackson,IT,IT Support Specialist,66000,2016-01-20
1816,Gregory Cooper,Engineering,DevOps Engineer,115500,2019-05-16
1817,Jacob Turner,Engineering,QA Engineer,72000,2018-10-11
1818,Thomas Collins,Operations,Supply Chain Coordinator,64500,2016-04-14
1819,Nicole Thomas,Engineering,DevOps Engineer,92500,2024-02-17
1820,Tyler Lopez,Sales,Sales Associate,46000,2020-05-26
1821,Helen Chavez,Finance,Payroll Specialist,124500,2021-07-26
1822,Scott Miller,IT,Network Engineer,48500,2015-04-13
1823,Jason Murphy,Engineering,Data Engineer,139500,2015-07-06
1824,Samantha Cox,HR,HR Manager,87500,2021-02-01
1825,Joshua Green,Product,Product Owner,121500,2016-11-07
1826,James Stewart,IT,IT Support Specialist,77000,2024-02-04
1827,Christopher Reyes,Engineering,Senior Developer,65500,2017-12-24
1828,Samantha Green,HR,HR Manager,56500,2015-11-18
1829,Laura Johnson,Finance,Accountant,120500,2023-07-22
1830,Gary Howard,Engineering,Data Engineer,111000,2019-06-09
1831,Brian Mendoza,Engineering,Software Engineer,91000,2022-05-25
1832,Mary Morris,Sales,Business Development Rep,53500,2015-05-18
1833,Catherine Flores,Sales,VP of Sales,106000,2016-07-24
1834,Brenda Taylor,Engineering,QA Engineer,127500,2016-01-09
1835,Susan Carter,Engineering,QA Engineer,83500,2018-08-24
1836,George Rodriguez,IT,Network Engineer,82500,2019-07-19
1837,Carolyn Phillips,HR,Recruiter,40000,2015-02-21
1838,John Rogers,Product,Product Owner,134500,2015-12-17
1839,Sharon Morales,Sales,Sales Associate,57500,2022-04-04
1840,Michael Rivera,Sales,VP of Sales,94000,2015-01-25
1841,Elizabeth Richardson,Finance,Payroll Specialist,52500,2020-04-16
1842,Stephen Cox,HR,Recruiter,85000,2015-10-25
1843,Brian Wood,IT,Security Analyst,107500,2024-11-02
1844,Susan Robinson,IT,IT Support Specialist,57000,2022-02-12
1845,Betty Lee,IT,Security Analyst,84500,2016-10-09
1846,Alexander Ward,IT,Systems Administrator,48000,2016-04-20
1847,Ryan Rivera,Marketing,Digital Marketing Lead,49000,2018-03-02
1848,Amanda Garcia,HR,HR Generalist,89000,2016-12-20
1849,Catherine Gomez,Engineering,DevOps Engineer,94500,2018-11-21
1850,Tyler Mitchell,Finance,Payroll Specialist,97000,2017-10-05
1851,Daniel Evans,HR,HR Manager,62000,2015-10-21
1852,Anna Lee,Operations,Project Manager,85500,2024-08-03
1853,Susan Wilson,Sales,Business Development Rep,48000,2016-09-10
1854,Thomas Taylor,Sales,Sales Manager,58000,2021-04-10
1855,Richard James,Marketing,Digital Marketing Lead,102000,2019-03-02
1856,Barbara Watson,Sales,VP of Sales,102500,2023-02-08
1857,David Evans,Sales,VP of Sales,47000,2022-04-10
1858,Pamela Wilson,Operations,Project Manager,68500,2020-05-12
1859,Deborah Hill,Operations,Operations Manager,73500,2023-01-26
1860,Donna Nguyen,Engineering,QA Engineer,137500,2024-07-26
1861,Jennifer Taylor,Marketing,SEO Manager,105500,2022-08-21
1862,Helen James,IT,Systems Administrator,90500,2016-08-25
1863,Maria Ramos,IT,Network Engineer,96500,2023-04-10
1864,Ashley Sanchez,Finance,Accountant,89000,2022-07-07
1865,Julie Allen,Operations,Project Manager,76000,2015-05-02
1866,Christine Wright,Operations,Operations Analyst,82000,2022-08-12
1867,Timothy Martinez,Finance,Financial Analyst,100000,2024-04-01
1868,George Gonzalez,Sales,Business Development Rep,65500,2017-02-05
1869,Catherine Jackson,IT,Network Engineer,110000,2022-02-21
1870,Linda Moore,Product,VP of Product,142000,2020-03-03
1871,Carolyn Edwards,HR,HR Generalist,67500,2016-05-22
1872,Pamela Johnson,Engineering,Senior Developer,112000,2021-08-09
1873,Ashley Anderson,Operations,Operations Analyst,56500,2018-09-21
1874,Deborah Anderson,IT,Security Analyst,71000,2017-04-21
1875,Helen Cook,IT,Security Analyst,103000,2019-07-21
1876,Patrick Flores,IT,Network Engineer,98000,2018-08-16
1877,Mark Evans,IT,Security Analyst,62500,2015-12-09
1878,Barbara Morgan,Product,Product Analyst,92500,2017-05-02
1879,Heather Kim,Finance,Payroll Specialist,99500,2024-11-10
1880,Donna Ortiz,Marketing,Marketing Specialist,88500,2023-06-15
1881,Robert Chavez,IT,IT Support Specialist,113000,2020-04-18
1882,Samantha Scott,Legal,Legal Manager,58500,2018-05-03
1883,William Stewart,Operations,Operations Manager,81500,2023-07-02
1884,Nicole Brown,HR,Talent Acquisition Lead,65000,2024-12-20
1885,Jonathan Smith,Engineering,Senior Developer,117000,2022-03-14
1886,Carol Hill,Engineering,Engineering Manager,82500,2021-06-04
1887,Edward Collins,Finance,Accountant,125000,2022-08-23
1888,Jack Walker,Sales,Sales Manager,115500,2015-12-26
1889,Samantha Cruz,Sales,Sales Manager,78000,2018-03-22
1890,Debra Carter,Engineering,Data Engineer,143500,2018-12-26
1891,Alexander Evans,Engineering,QA Engineer,107500,2019-05-15
1892,Thomas Torres,Operations,Project Manager,102000,2016-04-04
1893,Christine Phillips,Legal,Legal Manager,70000,2023-12-21
1894,Angela King,Operations,Operations Manager,90500,2024-09-13
1895,Aaron Morgan,Finance,Accountant,114500,2017-05-08
1896,Nicholas Cox,Engineering,Data Engineer,61000,2019-10-25
1897,Kathleen Phillips,Marketing,SEO Manager,72000,2017-04-18
1898,Paul Gonzalez,Sales,Sales Associate,87500,2015-04-26
1899,Elizabeth Garcia,Product,UX/UI Designer,108000,2019-12-16
1900,Sharon Gray,Engineering,Engineering Manager,93000,2023-12-05
1901,Christopher Moore,IT,Systems Administrator,113000,2017-01-01
1902,John Adams,Marketing,Marketing Specialist,91500,2017-09-13
1903,Virginia Diaz,Engineering,QA Engineer,84500,2021-06-19
1904,Scott Gray,Sales,VP of Sales,100500,2017-03-24
1905,Michael Morales,Marketing,SEO Manager,57000,2023-01-27
1906,George Johnson,Finance,Auditor,94000,2015-05-07
1907,Katherine Peterson,HR,HR Generalist,79000,2018-06-25
1908,Jonathan Robinson,HR,Talent Acquisition Lead,91000,2018-03-24
1909,Susan Morgan,HR,HR Specialist,57000,2016-01-24
1910,Justin Thompson,Finance,Auditor,95000,2022-12-03
1911,Debra Clark,IT,Security Analyst,107000,2015-05-17
1912,James Martinez,IT,Network Engineer,104500,2021-12-22
1913,Sarah Rivera,Engineering,QA Engineer,141500,2021-01-18
1914,Amanda Bailey,Marketing,Content Strategist,58000,2018-02-06
1915,Ryan Rodriguez,Operations,Project Manager,52000,2017-03-18
1916,Robert Wilson,IT,Security Analyst,113500,2018-09-12
1917,Shirley Cox,Sales,Business Development Rep,51000,2020-07-04
1918,Brandon Mendoza,Engineering,Software Engineer,65000,2024-05-12
1919,Deborah Adams,IT,Security Analyst,99000,2016-02-10
1920,Brandon Taylor,IT,Systems Administrator,92500,2017-12-27
1921,Aaron King,Engineering,Engineering Manager,88500,2024-03-02
1922,Amanda Anderson,Engineering,Senior Developer,71500,2016-03-03
1923,Debra Bennett,Product,Product Owner,147000,2015-07-13
1924,Shirley Brown,Engineering,Software Engineer,108500,2017-05-10
1925,William Kim,Finance,CFO,117000,2022-11-03
1926,John Ortiz,IT,Network Engineer,84000,2022-12-25
1927,Michelle Kim,Operations,Project Manager,78500,2020-01-04
1928,Julie Watson,Sales,Sales Associate,70000,2018-02-20
1929,Janet Nelson,Operations,Project Manager,54500,2021-03-03
1930,Cynthia Edwards,Legal,Legal Assistant,134500,2021-07-13
1931,Joshua Cruz,Marketing,Digital Marketing Lead,109000,2022-10-01
1932,Jeffrey Flores,Finance,Payroll Specialist,53500,2017-08-05
1933,Carolyn Hernandez,Sales,VP of Sales,64500,2024-04-02
1934,Eric Bailey,Engineering,Data Engineer,63500,2018-09-02
1935,Deborah Richardson,Finance,Financial Analyst,91000,2021-11-14
1936,Helen Nguyen,Sales,Business Development Rep,94500,2015-08-05
1937,Edward Phillips,IT,IT Support Specialist,68500,2021-02-06
1938,Andrew Murphy,HR,Recruiter,55500,2016-07-01
1939,Jessica Turner,Marketing,Content Strategist,60000,2023-11-05
1940,Janet Evans,Engineering,QA Engineer,133000,2024-11-26
1941,Michael Adams,Operations,Operations Manager,55500,2019-07-02
1942,Timothy Anderson,Finance,Finance Manager,131500,2020-10-19
1943,Kenneth Brown,Finance,Payroll Specialist,83000,2015-06-26
1944,Justin Clark,IT,IT Support Specialist,90000,2016-11-01
1945,Gary Wright,Marketing,Marketing Specialist,103500,2020-04-03
1946,Gary Gomez,Engineering,Engineering Manager,120500,2024-05-09
1947,Mary King,Finance,Payroll Specialist,96500,2024-02-12
1948,Emily James,Engineering,Engineering Manager,118000,2017-10-05
1949,Carolyn Stewart,Sales,Account Executive,105500,2024-08-05
1950,Joseph Thomas,Engineering,Data Engineer,117500,2018-08-16
1951,Jason Lee,Operations,Operations Manager,48500,2024-10-27
1952,Virginia Rivera,Product,Product Manager,77500,2021-06-21
1953,Anna Morales,Engineering,QA Engineer,127500,2024-02-25
1954,Raymond Rodriguez,Engineering,Senior Developer,85500,2020-04-20
1955,Andrew Bennett,Product,Product Manager,134000,2020-12-16
1956,Donna Walker,Sales,Sales Associate,86500,2023-09-27
1957,Rachel Kim,Engineering,DevOps Engineer,98500,2022-07-05
1958,Carol Miller,Sales,Sales Associate,87000,2024-02-25
1959,Larry Clark,Legal,Corporate Counsel,132000,2018-09-22
1960,Eric Garcia,Marketing,Marketing Director,44000,2020-05-20
1961,Aaron White,IT,Systems Administrator,54000,2015-11-01
1962,Catherine Williams,Sales,Sales Manager,108500,2020-12-13
1963,Betty Kim,IT,IT Support Specialist,62000,2022-12-04
1964,Samantha Thomas,Sales,Sales Manager,104500,2023-02-11
1965,Nicholas Ward,HR,HR Generalist,57500,2019-03-13
1966,Elizabeth Howard,IT,Systems Administrator,56500,2021-03-12
1967,Michael Carter,Operations,Operations Analyst,61500,2016-09-07
1968,Ashley Brown,HR,Talent Acquisition Lead,65000,2015-12-24
1969,Steven Robinson,Engineering,Software Engineer,127000,2024-03-01
1970,Jonathan Gomez,Engineering,DevOps Engineer,61000,2018-05-21
1971,Diane Scott,Engineering,QA Engineer,133000,2016-09-18
1972,Nancy Rogers,Sales,Business Development Rep,84500,2021-06-26
1973,Gregory Taylor,Operations,Operations Manager,99500,2023-01-05
1974,Mary Mitchell,Sales,Sales Manager,95000,2017-10-07
1975,Laura Gomez,Sales,Sales Manager,82000,2017-11-05
1976,Katherine Thomas,Finance,Payroll Specialist,72500,2021-12-03
1977,Robert Watson,Engineering,Senior Developer,87500,2015-05-13
1978,William Carter,IT,Security Analyst,101000,2023-09-18
1979,Nicole Harris,IT,IT Support Specialist,105500,2018-02-18
1980,Jeffrey Carter,Operations,Supply Chain Coordinator,45000,2017-03-18
1981,Kathleen Murphy,Engineering,Senior Developer,139500,2024-04-26
1982,Frank Cruz,IT,Security Analyst,83500,2015-12-20
1983,Andrew Davis,HR,HR Generalist,50000,2020-05-13
1984,William Young,Sales,Sales Manager,72500,2017-10-25
1985,Sandra Rodriguez,IT,Network Engineer,103500,2018-09-19
1986,Richard Baker,Engineering,Software Engineer,90000,2020-09-12
1987,Amy Walker,Marketing,Content Strategist,79500,2019-10-10
1988,Amanda Kelly,Sales,Sales Manager,80500,2016-05-07
1989,Helen Diaz,IT,Network Engineer,109500,2023-08-21
1990,Helen Nelson,Finance,Financial Analyst,91500,2015-04-02
1991,David Moore,Engineering,QA Engineer,98000,2020-05-27
1992,Catherine Robinson,HR,HR Specialist,75500,2023-03-20
1993,Julie Harris,Marketing,SEO Manager,48500,2022-03-23
1994,Anthony Flores,Marketing,SEO Manager,91500,2017-02-10
1995,Donald Hill,Sales,Sales Associate,62500,2019-03-01
1996,Jessica Thompson,Finance,Auditor,69500,2019-10-21
1997,Jonathan Carter,Finance,CFO,83500,2015-11-23
1998,Dennis Moore,IT,IT Support Specialist,77500,2021-01-26
1999,Melissa Cook,Engineering,Senior Developer,94000,2020-02-06
2000,Rachel Moore,Marketing,Digital Marketing Lead,105000,2021-10-06
2001,Nicole Perez,Finance,Accountant,68000,2017-06-19
2002,Daniel Mitchell,Finance,Accountant,64500,2019-09-10
2003,Jason Rodriguez,Engineering,Senior Developer,99500,2016-03-26
2004,Kimberly Wright,HR,Recruiter,50500,2020-07-16
2005,Amy Jackson,Engineering,Software Engineer,106000,2019-03-11
2006,Catherine Ortiz,Sales,Sales Manager,107000,2016-12-13
2007,Joshua Johnson,Engineering,DevOps Engineer,118500,2018-11-23
2008,Laura Rivera,Operations,Supply Chain Coordinator,62000,2024-09-11
2009,Samantha Kelly,Engineering,DevOps Engineer,85000,2022-07-02
2010,Donna Walker,Operations,Project Manager,71000,2017-10-14
2011,Matthew Mitchell,Engineering,DevOps Engineer,140500,2016-09-06
2012,Alexander Lee,Sales,VP of Sales,75000,2024-11-06
2013,Amanda Ramirez,Operations,Operations Manager,57500,2022-10-20
2014,John Ramos,Sales,Account Executive,98500,2020-07-05
2015,William James,Product,Product Owner,94500,2016-08-01
2016,Kenneth Rivera,Engineering,QA Engineer,68000,2021-09-02
2017,Julie Clark,Product,VP of Product,90500,2018-05-20
2018,Jacob Nguyen,Marketing,Marketing Specialist,84500,2024-06-09
2019,Eric Smith,Engineering,Data Engineer,137500,2023-09-19
2020,Steven Ramos,Sales,Account Executive,45500,2021-09-15
2021,Rebecca Williams,Marketing,Digital Marketing Lead,76000,2019-08-08
2022,Paul Bailey,HR,HR Generalist,86500,2018-12-13
2023,Kenneth Rivera,Product,Product Analyst,75500,2016-04-17
2024,Gary Morgan,IT,Systems Administrator,55000,2015-02-07
2025,Patricia Morgan,Engineering,DevOps Engineer,69000,2024-02-23
2026,Susan Ward,HR,HR Specialist,64000,2015-07-25
2027,Benjamin Edwards,HR,HR Generalist,47500,2021-08-13
2028,Katherine Thompson,IT,Systems Administrator,49500,2022-02-09
2029,Paul Young,HR,HR Specialist,49500,2020-03-24
2030,Tyler King,IT,Security Analyst,104500,2022-05-11
2031,Patrick Thomas,Engineering,Data Engineer,104500,2021-03-26
2032,Jessica Flores,Engineering,DevOps Engineer,88000,2019-02-11
2033,Diane Taylor,Engineering,Engineering Manager,64000,2018-09-02
2034,William Evans,Engineering,DevOps Engineer,131500,2021-01-23
2035,James Cooper,Product,VP of Product,80000,2023-10-22
2036,Stephen Rivera,Operations,Operations Manager,94000,2024-01-14
2037,Julie Scott,Engineering,Data Engineer,140000,2023-11-20
2038,Katherine Moore,Product,Product Manager,74000,2020-10-22
2039,Samuel Robinson,Engineering,DevOps Engineer,102500,2015-07-04
2040,Catherine Gray,Engineering,DevOps Engineer,143500,2024-12-02
2041,Christine Anderson,Marketing,Content Strategist,94000,2021-11-26
2042,Justin Ramirez,Finance,Finance Manager,123000,2019-02-23
2043,Deborah Wilson,HR,HR Manager,49000,2017-11-12
2044,Pamela Gutierrez,Engineering,Engineering Manager,116000,2021-09-21
2045,Elizabeth Nelson,Legal,Legal Manager,138000,2019-12-20
2046,Maria Roberts,Sales,VP of Sales,70000,2017-03-05
2047,Christopher Edwards,IT,Network Engineer,93500,2015-11-02
2048,Jennifer Bennett,Engineering,QA Engineer,89000,2016-02-15
2049,Daniel Lewis,IT,Security Analyst,81000,2015-06-19
2050,Rachel Garcia,IT,IT Director,105500,2020-02-08
2051,George Ward,Sales,Sales Associate,56500,2023-11-08
2052,Stephen Thompson,Operations,Operations Manager,52500,2024-03-20
2053,Raymond Adams,IT,IT Support Specialist,49000,2016-12-24
2054,Linda Evans,Finance,Finance Manager,127500,2019-01-17
2055,Heather Robinson,HR,Recruiter,94500,2019-02-07
2056,Michelle Hill,Finance,Auditor,108500,2019-02-06
2057,Patricia Brooks,Finance,Financial Analyst,98000,2020-12-05
2058,Eric Martin,Engineering,QA Engineer,134500,2017-07-07
2059,Daniel Stewart,IT,IT Support Specialist,44000,2023-03-18
2060,Joshua Mitchell,Engineering,Software Engineer,139500,2023-03-07
2061,Brandon Richardson,IT,IT Support Specialist,43000,2018-03-19
2062,Margaret James,Sales,Sales Associate,83500,2024-03-22
2063,John Brooks,Operations,Project Manager,92500,2020-06-11
2064,Michelle Johnson,Product,UX/UI Designer,81500,2024-02-12
2065,Jason Bailey,IT,Security Analyst,93000,2020-12-08
2066,Charles Clark,Engineering,QA Engineer,117500,2022-05-17
2067,Linda Cruz,Engineering,Software Engineer,127000,2021-05-22
2068,Christine Harris,IT,IT Support Specialist,100500,2022-07-11
2069,Steven Carter,Engineering,Engineering Manager,89000,2022-02-15
2070,Thomas Allen,HR,HR Generalist,50500,2023-01-17
2071,Raymond Kim,Marketing,Marketing Director,53000,2020-08-19
2072,Richard Cook,Engineering,Engineering Manager,118500,2024-09-17
2073,Eric Hernandez,Finance,Financial Analyst,78500,2020-04-07
2074,Timothy Cox,Sales,Sales Associate,118500,2022-03-13
2075,Stephanie Walker,Marketing,Digital Marketing Lead,78000,2020-11-24
2076,Dennis Edwards,Sales,Sales Manager,84000,2021-11-23
2077,Aaron Morris,Legal,Legal Manager,80000,2023-02-13
2078,Scott Diaz,IT,Systems Administrator,98500,2015-02-13
2079,Mark Ramirez,Sales,Sales Associate,49500,2024-12-05
2080,Larry Thompson,Product,Product Owner,123000,2021-05-13
2081,Mark Turner,Marketing,Digital Marketing Lead,80500,2017-03-15
2082,Aaron Peterson,Marketing,SEO Manager,87000,2021-05-23
2083,Debra Davis,Finance,Finance Manager,95000,2015-10-12
2084,Anthony Davis,Finance,Accountant,71500,2015-11-18
2085,Karen Thomas,Engineering,DevOps Engineer,78500,2022-08-06
2086,Donna Evans,IT,Security Analyst,61500,2021-01-15
2087,Larry Hill,Finance,Auditor,94500,2021-02-15
2088,Maria Garcia,Legal,Compliance Specialist,75500,2017-02-06
2089,Rebecca Morris,Sales,Sales Associate,68500,2024-04-22
2090,Mark Martinez,Operations,Supply Chain Coordinator,54500,2020-11-20
2091,Robert Thompson,Engineering,DevOps Engineer,67000,2020-08-27
2092,Karen Gomez,Engineering,Data Engineer,99500,2016-11-22
2093,Julie Allen,Engineering,Engineering Manager,94500,2016-02-07
2094,Kathleen Thompson,Product,Product Manager,75500,2017-11-06
2095,Christine King,Legal,Legal Manager,116500,2015-11-10
2096,Jerry Wood,Sales,VP of Sales,57500,2015-04-23
2097,Ashley Martinez,Finance,CFO,96500,2023-02-04
2098,Tyler Taylor,Engineering,Engineering Manager,107000,2019-08-19
2099,Eric Brooks,Finance,Finance Manager,91000,2020-08-16
2100,Sarah Phillips,Finance,Financial Analyst,80500,2024-07-14
2101,Jason Smith,Finance,Payroll Specialist,130000,2018-08-23
2102,Matthew Miller,IT,Systems Administrator,69000,2021-01-07
2103,Lisa Hernandez,Engineering,DevOps Engineer,97000,2018-04-25
2104,Richard Thompson,IT,IT Director,79000,2015-12-02
2105,Stephen Howard,HR,Talent Acquisition Lead,62000,2021-09-11
2106,Kimberly Ortiz,IT,IT Support Specialist,67500,2021-05-17
2107,Christopher Baker,Sales,VP of Sales,44000,2016-09-11
2108,Rachel Cooper,Engineering,Software Engineer,129500,2020-11-11
2109,Aaron Rogers,Marketing,Content Strategist,59500,2015-09-05
2110,Jacob Robinson,HR,HR Specialist,92500,2015-03-06
2111,Sarah Martinez,Finance,Financial Analyst,94000,2019-04-01
2112,Stephanie Gutierrez,Sales,Sales Manager,101500,2021-04-05
2113,Betty Evans,Marketing,Marketing Director,65500,2016-07-22
2114,Robert Brown,Finance,Auditor,127000,2021-09-26
2115,Jason Hill,Engineering,Engineering Manager,142500,2018-01-21
2116,Dorothy Thomas,Operations,Supply Chain Coordinator,79000,2022-08-03
2117,Frank Jackson,Product,Product Analyst,71000,2015-05-26
2118,Scott Clark,Finance,CFO,118000,2017-01-03
2119,Melissa Morales,Engineering,QA Engineer,76000,2015-08-17
2120,Gregory Cruz,Product,Product Owner,70500,2016-10-10
2121,Helen Mendoza,Sales,Sales Manager,64500,2019-06-01
2122,Jennifer Roberts,Sales,Sales Associate,53000,2024-08-19
2123,Rachel Mitchell,HR,HR Manager,82000,2015-12-14
2124,Emily Edwards,Sales,Sales Manager,101500,2024-02-07
2125,Stephen Hernandez,Sales,Sales Associate,92000,2016-09-26
2126,Sharon White,Finance,Payroll Specialist,109000,2024-12-02
2127,Virginia Anderson,Sales,Sales Manager,88000,2018-12-10
2128,Donna Campbell,Operations,Project Manager,100000,2016-02-20
2129,Rachel Johnson,IT,IT Support Specialist,49500,2021-06-10
2130,Robert Hernandez,Marketing,Marketing Specialist,77000,2016-05-20
2131,Jacob Gray,IT,Security Analyst,53000,2015-01-24
2132,Susan Scott,IT,Security Analyst,99500,2022-08-22
2133,Betty Rogers,HR,HR Specialist,51500,2017-03-11
2134,Donald Torres,HR,Recruiter,82500,2017-04-10
2135,Ryan Wilson,Finance,Accountant,133500,2024-10-19
2136,James Parker,Marketing,Content Strategist,108000,2022-07-07
2137,Stephanie Rodriguez,Finance,CFO,51500,2015-09-20
2138,Timothy Chavez,Marketing,Marketing Director,66000,2023-09-22
2139,Sarah Ramos,Engineering,Software Engineer,68500,2017-07-16
2140,Jonathan Thomas,Sales,VP of Sales,38000,2017-06-05
2141,Benjamin Murphy,Engineering,Engineering Manager,124500,2015-02-15
2142,Karen Reyes,IT,Systems Administrator,85000,2022-08-04
2143,Andrew Brown,Sales,VP of Sales,104500,2022-02-16
2144,Paul Edwards,Engineering,QA Engineer,116500,2023-07-10
2145,Nicholas Adams,Sales,Business Development Rep,72000,2017-09-05
2146,Nancy Murphy,IT,Security Analyst,94000,2023-06-23
2147,Kimberly Morales,Finance,Payroll Specialist,101000,2017-12-06
2148,Andrew Walker,Legal,Corporate Counsel,105500,2018-04-21
2149,Brandon Davis,IT,IT Director,105000,2020-12-16
2150,Ronald Adams,Engineering,Senior Developer,98000,2024-07-18
2151,James Hill,Marketing,Digital Marketing Lead,64000,2024-07-09
2152,Kimberly Mitchell,Marketing,Marketing Director,84000,2020-04-01
2153,Scott Smith,Sales,Sales Associate,48500,2021-11-17
2154,Heather Gonzalez,Marketing,Digital Marketing Lead,97500,2015-09-10
2155,Linda Lee,Marketing,Content Strategist,77500,2020-01-11
2156,Karen Mitchell,HR,Talent Acquisition Lead,89000,2018-04-22
2157,Matthew Williams,Sales,Business Development Rep,38500,2024-06-06
2158,Mary Rogers,HR,HR Generalist,70500,2019-08-16
2159,Deborah Gonzalez,Finance,Auditor,62500,2024-05-18
2160,Charles Nguyen,Marketing,Marketing Director,61500,2018-05-18
2161,Jeffrey Roberts,Engineering,Senior Developer,135500,2023-03-10
2162,Angela Stewart,Marketing,Digital Marketing Lead,97500,2021-01-19
2163,Ronald Cooper,IT,Network Engineer,62000,2023-08-11
2164,Stephen Sanchez,IT,Systems Administrator,54500,2024-10-09
2165,Diane Thompson,Sales,Sales Associate,47500,2023-12-13
2166,Steven Green,Engineering,Data Engineer,78500,2020-02-08
2167,Ryan Green,HR,Recruiter,75500,2019-09-01
2168,Brenda Diaz,HR,Recruiter,47000,2020-12-13
2169,Thomas Richardson,HR,HR Manager,88000,2023-03-18
2170,Karen Wilson,HR,Recruiter,43000,2024-10-18
2171,Sandra Harris,IT,Network Engineer,110000,2022-03-03
2172,Debra Watson,IT,Network Engineer,93500,2019-12-05
2173,Maria Hernandez,Product,VP of Product,71500,2018-11-12
2174,Michelle Campbell,Sales,Sales Manager,81000,2018-04-04
2175,David Kim,Marketing,Digital Marketing Lead,104500,2023-10-06
2176,Scott Hill,Finance,Finance Manager,104000,2024-12-21
2177,Shirley Martinez,Sales,VP of Sales,111000,2023-01-14
2178,Christine Anderson,Marketing,Marketing Specialist,52000,2016-01-11
2179,Linda Williams,Finance,Auditor,87500,2019-01-11
2180,Edward Gomez,IT,Network Engineer,53500,2016-12-23
2181,Nicole Hall,Marketing,Digital Marketing Lead,75500,2020-08-25
2182,Amanda Howard,Engineering,Engineering Manager,118000,2018-06-24
2183,Jeffrey Chavez,Engineering,QA Engineer,92500,2023-09-02
2184,Jeffrey Gray,Operations,Operations Analyst,57000,2022-06-16
2185,Jacob Anderson,IT,Network Engineer,63500,2020-04-18
2186,Katherine Gutierrez,Sales,Sales Associate,87500,2023-11-11
2187,Robert Peterson,Sales,VP of Sales,75000,2017-05-23
2188,Pamela Robinson,IT,Network Engineer,111500,2021-10-02
2189,Daniel Thompson,Engineering,Software Engineer,125500,2017-04-17
2190,Donna Cook,IT,Network Engineer,108000,2022-07-13
2191,Brandon Nelson,Sales,Business Development Rep,91500,2018-03-09
2192,Elizabeth Martin,Marketing,Marketing Director,99500,2019-04-25
2193,Barbara Lee,Finance,Financial Analyst,76500,2016-09-03
2194,Maria Carter,Sales,Sales Associate,113500,2019-05-09
2195,Jerry Jackson,HR,Recruiter,62500,2015-02-14
2196,James Edwards,Finance,Accountant,49000,2022-07-15
2197,Samuel Bailey,HR,HR Manager,83000,2017-07-17
2198,Anna Thompson,Marketing,Marketing Director,64500,2015-04-01
2199,Carolyn Watson,Engineering,QA Engineer,109500,2016-12-19
2200,Lisa Mendoza,HR,Recruiter,80000,2023-04-01
2201,Thomas Baker,IT,IT Director,43500,2016-06-07
2202,Helen Ramos,IT,Security Analyst,80000,2024-06-20
2203,Brandon Walker,HR,HR Specialist,80000,2024-07-05
2204,Eric Nelson,Engineering,QA Engineer,137500,2022-12-04
2205,William Thompson,Product,VP of Product,133500,2020-08-19
2206,Laura Allen,Engineering,Software Engineer,72500,2016-11-18
2207,Stephen Bailey,Sales,Account Executive,53000,2023-09-07
2208,William Gonzalez,Sales,Sales Manager,62500,2019-04-02
2209,Maria Wright,Marketing,Marketing Director,107500,2018-03-01
2210,Margaret James,Operations,Supply Chain Coordinator,72000,2017-11-15
2211,Jennifer Reed,Marketing,Content Strategist,53000,2024-02-23
2212,Ronald Reed,Marketing,Marketing Director,70000,2020-12-26
2213,Rachel Gonzalez,Sales,Sales Manager,38000,2024-03-24
2214,Betty Hall,Legal,Legal Manager,116500,2018-10-17
2215,Angela Baker,Engineering,DevOps Engineer,124500,2018-10-25
2216,Jack Gutierrez,Marketing,Marketing Specialist,61500,2015-06-26
2217,Anna Clark,HR,HR Specialist,61500,2021-03-23
2218,Angela Green,IT,IT Support Specialist,103000,2024-07-10
2219,Virginia Cox,Product,Product Owner,135000,2019-07-07
2220,Samuel Walker,Finance,Accountant,130000,2020-06-09
2221,Diane Clark,Marketing,Marketing Specialist,87000,2023-11-13
2222,Carolyn Bennett,IT,IT Director,89000,2024-04-17
2223,Dorothy Moore,Marketing,Marketing Specialist,88500,2021-12-10
2224,Larry Collins,IT,Security Analyst,49500,2017-06-23
2225,Susan Edwards,Sales,Account Executive,39500,2021-04-18
2226,Lisa Clark,Operations,Project Manager,102000,2021-10-01
2227,Patricia Lewis,Finance,Finance Manager,68500,2024-11-17
2228,Emily Parker,Engineering,Data Engineer,84500,2020-01-22
2229,Helen Kim,IT,IT Director,81500,2016-04-14
2230,George Morgan,Engineering,Senior Developer,112000,2024-02-17
2231,Sandra Lee,Engineering,Software Engineer,117500,2015-06-25
2232,Betty Kim,Engineering,Software Engineer,94500,2023-01-16
2233,Anna Carter,Product,Product Manager,136500,2019-08-06
2234,Frank Cook,HR,Recruiter,79500,2017-01-19
2235,Cynthia Lewis,Legal,Legal Assistant,89500,2015-12-14
2236,Emily Stewart,Operations,Supply Chain Coordinator,66500,2018-02-03
2237,Kevin Cruz,HR,HR Specialist,80000,2019-10-15
2238,Paul Richardson,IT,Security Analyst,42500,2020-02-01
2239,Rachel Mendoza,Operations,Supply Chain Coordinator,100000,2023-12-15
2240,Catherine Gomez,Engineering,Senior Developer,62000,2024-11-12
2241,Dorothy Walker,IT,Systems Administrator,111500,2017-05-14
2242,Gregory Kelly,Sales,Business Development Rep,65500,2018-07-25
2243,Mark Howard,Product,Product Analyst,126000,2020-07-17
2244,Justin Robinson,Engineering,Engineering Manager,94000,2017-11-05
2245,Dorothy Wright,HR,Talent Acquisition Lead,60000,2018-03-26
2246,Benjamin Hall,Sales,Account Executive,68500,2022-12-01
2247,Amanda Nelson,Operations,Operations Analyst,68000,2020-05-09
2248,Scott Howard,Engineering,DevOps Engineer,98000,2024-09-17
2249,Aaron Mendoza,HR,HR Generalist,85500,2017-07-09
2250,Samuel Turner,Engineering,Senior Developer,62500,2021-02-18
2251,Justin Walker,Engineering,DevOps Engineer,77500,2021-12-21
2252,Samantha Jackson,Engineering,Senior Developer,144000,2015-09-18
2253,Benjamin Lopez,Marketing,Marketing Director,46000,2021-09-17
2254,Kenneth Ortiz,Finance,Auditor,50500,2017-05-20
2255,Katherine Nelson,IT,IT Director,56500,2024-08-15
2256,Jonathan Ortiz,Finance,Payroll Specialist,113000,2017-05-04
2257,Brandon Taylor,Sales,Account Executive,70000,2024-08-23
2258,Sarah Smith,Finance,Payroll Specialist,132000,2015-03-03
2259,Andrew Chavez,IT,Systems Administrator,89500,2024-04-17
2260,Susan Allen,IT,Network Engineer,114500,2021-04-21
2261,Tyler Nelson,Engineering,Senior Developer,121000,2024-03-06
2262,Rachel Hernandez,Operations,Operations Manager,95500,2017-01-20
2263,Jacob Jackson,Legal,Corporate Counsel,95000,2015-06-17
2264,Barbara Diaz,Operations,Operations Manager,71000,2015-05-06
2265,Mark Richardson,Engineering,Engineering Manager,110000,2018-10-24
2266,Brenda Green,Operations,Operations Manager,48500,2016-04-02
2267,Edward Ramirez,Engineering,Data Engineer,103500,2016-01-24
2268,Jonathan Gutierrez,Operations,Operations Manager,94000,2020-07-18
2269,Maria Parker,Marketing,Marketing Specialist,69500,2015-12-08
2270,Brandon Phillips,HR,Talent Acquisition Lead,94000,2023-05-06
2271,Heather Sanchez,Sales,Account Executive,104500,2015-08-20
2272,Jessica Lee,HR,Recruiter,45000,2016-04-10
2273,Barbara Cook,Sales,Sales Manager,84500,2024-03-16
2274,Rachel Cox,Sales,Account Executive,114000,2016-08-09
2275,Richard Johnson,IT,IT Director,80500,2023-06-11
2276,Paul Young,HR,Talent Acquisition Lead,77000,2018-08-10
2277,Tyler Rodriguez,IT,Systems Administrator,60000,2018-10-09
2278,Raymond Cooper,Finance,Financial Analyst,106000,2018-03-23
2279,Ronald Brooks,Finance,Auditor,95000,2015-05-13
2280,Dennis Clark,HR,Recruiter,50000,2022-03-05
2281,Maria Peterson,Sales,VP of Sales,90000,2022-08-25
2282,Donna Reyes,Engineering,DevOps Engineer,106500,2018-08-14
2283,Paul Martinez,IT,Security Analyst,114000,2018-01-16
2284,Charles Lee,Sales,Sales Associate,87500,2015-12-25
2285,Brian Davis,IT,IT Director,92000,2015-01-12
2286,Jennifer Green,Operations,Operations Manager,101500,2016-01-18
2287,Nicholas Chavez,Sales,Sales Manager,110500,2024-05-23
2288,Michelle Chavez,Engineering,Data Engineer,116000,2015-02-25
2289,Aaron Thomas,Sales,Sales Associate,50000,2019-09-06
2290,Nancy Thomas,Finance,Auditor,65000,2019-11-25
2291,Richard Bailey,Sales,Business Development Rep,77000,2017-03-01
2292,Debra Roberts,Finance,Financial Analyst,68500,2016-02-07
2293,Patrick Hall,Marketing,Content Strategist,109500,2019-03-23
2294,Aaron Stewart,Engineering,Engineering Manager,111500,2023-02-23
2295,Tyler Stewart,Sales,Sales Associate,99000,2020-04-17
2296,Larry Phillips,Marketing,Content Strategist,56500,2022-11-01
2297,Benjamin Lopez,Sales,VP of Sales,56500,2023-11-07
2298,Alexander Mendoza,Operations,Operations Analyst,76500,2023-06-25
2299,Charles Richardson,Sales,Account Executive,48500,2022-11-18
2300,Emily Sanchez,Product,Product Manager,133500,2015-07-08
2301,John Gutierrez,HR,HR Manager,47000,2017-07-18
2302,Justin Nelson,IT,Systems Administrator,51500,2024-12-25
2303,Jack Jackson,Operations,Operations Manager,65500,2015-09-11
2304,Carolyn Richardson,IT,Security Analyst,83500,2019-05-14
2305,Patrick Gray,Finance,Auditor,92500,2018-03-15
2306,Rebecca Brown,HR,HR Specialist,82000,2021-12-14
2307,Rebecca Kelly,Engineering,Data Engineer,137000,2020-10-02
2308,Jacob Kim,Engineering,QA Engineer,129500,2015-08-22
2309,Raymond Rogers,Engineering,DevOps Engineer,128000,2021-03-11
2310,Cynthia Davis,Engineering,DevOps Engineer,61000,2024-02-16
2311,Jack Cooper,Marketing,Content Strategist,55500,2017-12-08
2312,Susan White,Marketing,Marketing Director,108500,2024-08-19
2313,Ashley Roberts,Marketing,Marketing Specialist,43000,2016-10-01
2314,Emily Ramos,Sales,Sales Associate,63500,2020-01-10
2315,Jacob Rivera,IT,IT Director,79500,2020-02-20
2316,Samantha Anderson,Engineering,Data Engineer,76500,2023-07-17
2317,Deborah Young,Sales,Sales Manager,82000,2021-06-22
2318,Nicholas Lewis,IT,IT Support Specialist,80500,2021-10-19
2319,Tyler Peterson,Sales,VP of Sales,46000,2018-09-12
2320,Cynthia Campbell,Product,Product Owner,122500,2020-05-01
2321,Charles Reyes,Product,UX/UI Designer,115500,2018-09-03
2322,Margaret Cooper,Operations,Operations Analyst,84500,2015-08-05
2323,Joshua Kim,IT,IT Director,76500,2016-12-27
2324,Jerry Sanchez,IT,Systems Administrator,82500,2016-01-25
2325,Sharon Walker,HR,HR Generalist,43000,2021-11-11
2326,Gary Moore,Finance,Accountant,48500,2019-03-12
2327,Steven Hernandez,IT,Systems Administrator,53500,2018-02-04
2328,Donna Morales,Marketing,SEO Manager,96500,2023-03-26
2329,Richard Wright,Engineering,Data Engineer,96500,2017-06-16
2330,Sarah Miller,Product,Product Manager,96000,2023-07-15
2331,Cynthia Flores,HR,Talent Acquisition Lead,69000,2024-07-13
2332,Julie Richardson,Engineering,QA Engineer,126000,2024-02-18
2333,Angela Reed,Engineering,DevOps Engineer,112500,2023-08-03
2334,Thomas Rogers,Operations,Operations Analyst,63500,2018-06-04
2335,Jennifer Nguyen,Sales,Account Executive,41000,2022-12-03
2336,Mark Kim,Operations,Supply Chain Coordinator,54000,2016-05-16
2337,Kathleen Clark,Sales,Business Development Rep,93500,2017-12-07
2338,Virginia Rodriguez,Finance,Payroll Specialist,84500,2017-10-01
2339,Ronald Chavez,IT,IT Director,72500,2015-03-24
2340,Samantha Harris,Sales,Business Development Rep,86500,2022-06-11
2341,Eric Anderson,Engineering,Software Engineer,138500,2023-10-23
2342,Brian Peterson,Sales,Business Development Rep,105500,2017-01-18
2343,Anthony Flores,Engineering,Engineering Manager,74500,2019-07-13
2344,Brandon Garcia,Finance,Finance Manager,125500,2022-07-16
2345,Elizabeth Turner,Product,Product Manager,65000,2022-12-13
2346,Sandra Baker,Sales,Sales Manager,47500,2016-04-19
2347,Michael Sanchez,Marketing,SEO Manager,72500,2016-12-07
2348,Catherine Nelson,Engineering,QA Engineer,122500,2018-07-04
2349,Raymond Baker,Engineering,Data Engineer,89000,2024-03-26
2350,Andrew Evans,Engineering,DevOps Engineer,77500,2021-01-25
2351,Larry Green,Sales,VP of Sales,73000,2017-11-27
2352,Linda Young,Finance,Accountant,99000,2017-06-08
2353,Donald Green,Sales,VP of Sales,44500,2016-02-09
2354,Shirley Williams,IT,Security Analyst,51000,2023-02-20
2355,Matthew Robinson,IT,Network Engineer,95500,2022-04-16
2356,Karen Johnson,Sales,Sales Manager,52500,2018-01-13
2357,Diane Wright,HR,Recruiter,83500,2020-10-12
2358,Christopher Kelly,IT,Security Analyst,104000,2023-04-19
2359,Dorothy King,Operations,Operations Analyst,75500,2022-07-06
2360,David Brooks,Finance,Financial Analyst,98000,2019-03-18
2361,Rachel Martinez,HR,HR Specialist,88000,2024-02-26
2362,Joseph Allen,Engineering,DevOps Engineer,139000,2020-09-19
2363,Matthew Cruz,Legal,Legal Manager,136000,2015-03-06
2364,Linda Ortiz,Marketing,Digital Marketing Lead,78000,2018-04-15
2365,Christopher Parker,Engineering,DevOps Engineer,135500,2015-01-20
2366,Alexander Howard,Finance,Accountant,52000,2021-09-22
2367,Laura Ward,HR,Recruiter,57500,2023-07-27
2368,Thomas Reyes,IT,Security Analyst,70000,2017-01-23
2369,Jack Cooper,Engineering,QA Engineer,78000,2018-06-26
2370,Justin Mendoza,Product,Product Analyst,130500,2015-04-11
2371,Carolyn Ramos,Finance,Finance Manager,93500,2024-03-25
2372,Diane Rogers,Marketing,Content Strategist,107000,2024-06-11
2373,Carol Watson,HR,HR Generalist,68500,2016-07-09
2374,Charles Thomas,Marketing,Content Strategist,56000,2018-09-13
2375,Carolyn Stewart,Engineering,Senior Developer,139000,2019-04-22
2376,Robert Collins,Finance,Financial Analyst,60000,2020-11-10
2377,Samantha Stewart,Marketing,Marketing Specialist,49000,2024-06-27
2378,Sharon Collins,IT,Systems Administrator,85500,2016-04-08
2379,Melissa Young,Sales,Business Development Rep,65500,2024-02-04
2380,Helen Nelson,Sales,Sales Manager,107500,2017-02-25
2381,Jack Green,Product,Product Owner,129500,2017-11-01
2382,Angela Ramirez,Sales,Sales Manager,120500,2021-12-25
2383,Jennifer Smith,IT,Network Engineer,91000,2022-09-15
2384,Jason Murphy,Engineering,DevOps Engineer,69000,2019-10-24
2385,Barbara Allen,HR,HR Specialist,82500,2024-12-10
2386,Mark Reyes,Engineering,Senior Developer,133500,2016-10-17
2387,Samantha Bailey,Sales,VP of Sales,57500,2022-11-06
2388,Steven Allen,Product,VP of Product,114500,2024-01-01
2389,Gary King,Operations,Supply Chain Coordinator,52500,2019-12-12
2390,Thomas Mitchell,HR,HR Manager,44500,2019-10-26
2391,Rebecca King,Engineering,DevOps Engineer,93000,2015-10-03
2392,Matthew Collins,Engineering,Engineering Manager,130000,2020-04-15
2393,Rachel Lee,HR,Talent Acquisition Lead,50500,2019-11-05
2394,Kathleen Brown,Engineering,DevOps Engineer,84500,2016-08-24
2395,Shirley Gonzalez,Finance,Payroll Specialist,134500,2019-05-05
2396,John Morales,Finance,Auditor,131500,2024-04-04
2397,Paul Murphy,Operations,Supply Chain Coordinator,104500,2022-07-25
2398,Linda Parker,HR,HR Manager,88500,2017-10-07
2399,Pamela Martin,HR,HR Specialist,47000,2018-06-26
2400,Nicole Howard,Engineering,Senior Developer,118000,2024-03-24
2401,Jack Taylor,Finance,Financial Analyst,71000,2022-09-07
2402,Jessica Jackson,IT,IT Support Specialist,57500,2024-10-13
2403,Barbara James,Legal,Corporate Counsel,145500,2022-05-05
2404,Barbara Flores,Sales,Account Executive,74500,2021-10-09
2405,Kathleen Bennett,IT,Security Analyst,59000,2020-03-19
2406,Samantha Walker,Sales,Account Executive,99000,2024-10-18
2407,Eric Gray,Finance,Financial Analyst,85000,2024-12-27
2408,Stephanie White,IT,IT Director,70000,2022-12-21
2409,Diane Flores,Finance,CFO,112000,2019-10-18
2410,Jacob Brown,Product,Product Owner,112500,2016-05-25
2411,Carolyn Mitchell,Marketing,SEO Manager,60500,2021-10-21
2412,Paul Walker,Engineering,Engineering Manager,142000,2022-07-02
2413,Timothy Wilson,Legal,Legal Manager,149000,2024-01-12
2414,Helen Jackson,IT,IT Director,103500,2020-11-25
2415,Amy White,Engineering,QA Engineer,60500,2020-05-21
2416,Patricia Nguyen,Legal,Legal Assistant,96500,2020-03-01
2417,Raymond Phillips,Sales,Sales Associate,98000,2016-03-18
2418,Sandra Adams,IT,Network Engineer,73500,2017-02-13
2419,Brian Mendoza,Marketing,Digital Marketing Lead,63000,2020-12-13
2420,Matthew Gomez,Product,VP of Product,72000,2022-03-19
2421,Diane Rodriguez,Engineering,QA Engineer,91500,2022-11-24
2422,Melissa Morales,Finance,CFO,118500,2021-10-14
2423,Aaron Lewis,IT,IT Director,67000,2021-12-06
2424,Ryan Smith,IT,Security Analyst,89500,2021-11-26
2425,Stephanie Davis,Marketing,Marketing Specialist,78500,2019-04-14
2426,Maria Sanchez,Engineering,DevOps Engineer,72500,2022-03-27
2427,Robert Kim,IT,Systems Administrator,104500,2020-11-21
2428,Linda Harris,Operations,Supply Chain Coordinator,51500,2017-04-27
2429,Christine Ward,IT,IT Director,69000,2023-12-25
2430,Jacob Baker,Sales,Sales Associate,119500,2022-01-19
2431,Jason Gonzalez,Product,Product Manager,105500,2017-08-01
2432,Jessica Davis,Sales,VP of Sales,73000,2015-06-23
2433,Susan Collins,Product,VP of Product,106000,2017-06-23
2434,Dennis Baker,IT,Security Analyst,72000,2022-11-26
2435,Nancy Campbell,Finance,Payroll Specialist,80500,2023-08-15
2436,Emily Gonzalez,Engineering,Data Engineer,68500,2024-12-04
2437,Jacob Watson,Finance,Payroll Specialist,111500,2015-04-02
2438,Angela Mendoza,Marketing,Marketing Specialist,58000,2017-12-19
2439,Brandon Turner,Product,VP of Product,115500,2015-05-22
2440,Lisa Watson,Engineering,Senior Developer,64500,2022-07-10
2441,Kenneth Morgan,Engineering,Data Engineer,131500,2019-02-03
2442,Karen Anderson,Operations,Operations Manager,103000,2021-05-05
2443,Jennifer Peterson,HR,HR Specialist,54000,2018-05-21
2444,Julie Harris,Product,VP of Product,71000,2015-11-09
2445,Andrew Cruz,Engineering,QA Engineer,95000,2015-08-20
2446,Jonathan Robinson,Operations,Supply Chain Coordinator,52500,2020-04-15
2447,Dorothy Thompson,Finance,Auditor,51500,2015-05-15
2448,Susan Adams,Sales,Account Executive,110000,2018-11-23
2449,Raymond Evans,Finance,Financial Analyst,126000,2023-08-20
2450,Kevin Miller,Engineering,QA Engineer,90500,2019-11-09
2451,Janet Richardson,Finance,CFO,55000,2016-03-18
2452,Christopher Cooper,Sales,Account Executive,107000,2018-12-26
2453,Katherine Chavez,IT,Security Analyst,42000,2015-01-23
2454,Daniel King,Sales,VP of Sales,109500,2017-03-03
2455,Virginia Brown,Marketing,Marketing Director,51000,2019-01-09
2456,Thomas Cook,Marketing,Content Strategist,90500,2024-07-10
2457,Anna Murphy,Marketing,SEO Manager,46500,2023-10-20
2458,George Gray,Product,Product Manager,115500,2024-03-14
2459,Anna Lopez,Sales,VP of Sales,99500,2019-01-11
2460,Janet Cruz,Legal,Corporate Counsel,123000,2016-09-26
2461,Aaron Bailey,Sales,Account Executive,62000,2015-06-13
2462,Steven Gutierrez,Product,Product Owner,90000,2024-11-24
2463,Scott Brown,IT,Systems Administrator,47000,2019-07-01
2464,Cynthia Lopez,Marketing,Digital Marketing Lead,76500,2024-12-12
2465,Nicole King,Finance,Auditor,107000,2024-10-13
2466,Shirley Wright,Legal,Compliance Specialist,105000,2018-03-08
2467,Nicole Martinez,Engineering,Data Engineer,132500,2021-02-14
2468,Samuel Ramirez,IT,Security Analyst,59500,2016-03-07
2469,Jason Richardson,HR,HR Manager,51000,2015-12-19
2470,Tyler Gray,Engineering,Data Engineer,65500,2015-06-18
2471,Margaret Chavez,IT,IT Director,46500,2016-01-12
2472,Carol Flores,Sales,Account Executive,104500,2024-06-17
2473,Carolyn Gutierrez,Engineering,QA Engineer,89000,2015-12-09
2474,Elizabeth Bennett,IT,Systems Administrator,103500,2020-12-05
2475,Scott Murphy,HR,HR Manager,78000,2019-02-12
2476,Cynthia Mitchell,Finance,Accountant,63000,2022-07-01
2477,Amanda Torres,Product,Product Analyst,143500,2022-05-02
2478,Mark Robinson,Operations,Supply Chain Coordinator,78500,2023-01-20
2479,Lisa White,Marketing,SEO Manager,54000,2022-10-08
2480,Amy Martin,Finance,CFO,88500,2016-09-11
2481,Linda Gonzalez,Marketing,Digital Marketing Lead,91500,2021-02-19
2482,Pamela Murphy,Marketing,Digital Marketing Lead,87000,2017-09-15
2483,Samuel Johnson,Sales,Sales Associate,118000,2020-10-03
2484,Emily Morales,IT,IT Director,93000,2023-04-26
2485,Nancy Lee,Sales,VP of Sales,88500,2023-01-15
2486,Gregory Collins,Marketing,Digital Marketing Lead,63000,2021-06-21
2487,Jessica Jones,IT,Security Analyst,106000,2018-04-26
2488,Timothy Lewis,Marketing,Marketing Director,85500,2017-05-03
2489,Maria Edwards,Operations,Operations Analyst,71500,2020-10-20
2490,Karen Rogers,HR,Recruiter,57500,2024-03-12
2491,Julie Garcia,HR,Recruiter,66500,2022-08-20
2492,Susan Jones,HR,Recruiter,47000,2021-07-27
2493,Nicole Cox,Marketing,Marketing Specialist,45000,2018-07-16
2494,Eric Hill,Engineering,Engineering Manager,82500,2022-08-23
2495,Rebecca Nguyen,IT,Network Engineer,104500,2020-08-01
2496,Timothy Gomez,Finance,Finance Manager,50000,2016-07-23
2497,Scott Robinson,Sales,Sales Associate,94500,2016-04-25
2498,Shirley Moore,Engineering,Senior Developer,66500,2023-05-10
2499,Andrew Carter,HR,HR Specialist,47000,2022-12-14
2500,Dorothy Davis,IT,Network Engineer,101000,2023-07-27
2501,Betty Rivera,Marketing,SEO Manager,79000,2019-08-03
2502,Margaret Lewis,Finance,Finance Manager,114000,2016-05-07
2503,Justin Collins,Engineering,Senior Developer,115500,2015-10-25
2504,Paul Morris,HR,HR Generalist,58000,2022-06-06
2505,Frank Anderson,Finance,Auditor,59500,2016-11-24
2506,Ashley Rodriguez,HR,HR Specialist,62000,2019-07-12
2507,Jeffrey Johnson,Product,Product Owner,81000,2018-02-19
2508,Melissa Cox,Marketing,Digital Marketing Lead,88000,2024-02-02
2509,Jason Parker,Operations,Project Manager,73000,2022-01-25
2510,Jacob Lopez,Finance,Finance Manager,90500,2023-11-05
2511,Matthew Thomas,HR,HR Manager,48000,2024-07-14
2512,Jennifer Thompson,Finance,Finance Manager,99000,2018-07-02
2513,Jennifer Morales,IT,IT Support Specialist,92000,2022-08-08
2514,Julie King,Sales,Business Development Rep,93000,2017-06-23
2515,Michelle Hall,Operations,Project Manager,71500,2024-04-01
2516,Samantha Morris,Operations,Supply Chain Coordinator,47500,2021-06-05
2517,Angela Adams,Marketing,Content Strategist,49000,2021-06-15
2518,Jack Reed,Marketing,Marketing Director,104000,2015-05-09
2519,Donna Perez,Engineering,Software Engineer,117500,2015-06-20
2520,Paul Bennett,Sales,Business Development Rep,113500,2023-09-24
2521,Samantha Kelly,Marketing,Digital Marketing Lead,61000,2017-12-18
2522,Thomas Wright,IT,Network Engineer,47500,2018-07-16
2523,Gary Ramos,Product,VP of Product,126500,2018-10-05
2524,Brandon Ramos,Sales,Sales Associate,61000,2016-06-17
2525,Karen Reed,HR,HR Specialist,78500,2022-01-25
2526,Samuel Smith,IT,Network Engineer,59500,2020-01-14
2527,Jerry Thompson,Sales,Sales Manager,55500,2021-04-20
2528,Samuel Adams,Operations,Project Manager,47000,2022-06-07
2529,Stephen Roberts,IT,IT Support Specialist,75500,2017-09-20
2530,Deborah Richardson,Marketing,Marketing Director,77000,2019-06-18
2531,Shirley Mitchell,Finance,Finance Manager,94000,2019-12-04
2532,Betty King,Product,Product Owner,123000,2020-08-23
2533,Joseph Watson,Finance,CFO,86000,2021-03-07
2534,Joseph Evans,Sales,Business Development Rep,109500,2022-07-06
2535,Shirley Gonzalez,Product,Product Owner,86000,2016-01-27
2536,Donald Torres,Engineering,DevOps Engineer,76000,2022-07-02
2537,Melissa Lopez,Sales,Sales Associate,63500,2021-06-13
2538,Jerry Cook,Finance,Payroll Specialist,125000,2023-06-05
2539,Cynthia Lee,Finance,Auditor,91500,2019-06-10
2540,Lisa James,Operations,Supply Chain Coordinator,68500,2021-06-04
2541,Kimberly Cooper,Sales,Sales Manager,84000,2024-07-06
2542,Samantha Johnson,Product,VP of Product,117500,2020-05-25
2543,Cynthia Roberts,HR,HR Manager,93500,2015-11-16
2544,Rachel Morris,Finance,Finance Manager,113000,2016-01-07
2545,Brian Young,Finance,Payroll Specialist,51000,2024-11-26
2546,Jason Martin,IT,Security Analyst,70500,2021-04-10
2547,Dorothy Ramirez,Marketing,Content Strategist,92500,2016-11-18
2548,Julie Reyes,HR,Recruiter,44500,2024-02-21
2549,Lisa Williams,Finance,CFO,106500,2016-02-07
2550,Carol King,Engineering,Software Engineer,126500,2024-05-25
2551,Edward Torres,Marketing,Content Strategist,62500,2022-01-03
2552,Raymond Adams,Operations,Operations Manager,103500,2015-05-04
2553,Michael Jones,Engineering,Engineering Manager,144000,2015-05-20
2554,John Torres,IT,Network Engineer,111500,2017-01-09
2555,Mark Sanchez,Sales,Account Executive,83500,2022-03-13
2556,Jonathan Green,Product,Product Manager,71500,2018-04-20
2557,Elizabeth Ramirez,HR,HR Manager,76000,2018-03-14
2558,Dennis Kelly,Product,Product Analyst,82000,2017-01-21
2559,Eric Bennett,Sales,Business Development Rep,71500,2019-10-09
2560,Paul Gonzalez,Engineering,DevOps Engineer,143000,2020-08-03
2561,Samuel Cooper,Operations,Operations Analyst,102500,2024-03-04
2562,Paul Kim,IT,Network Engineer,98000,2020-12-27
2563,Joshua Harris,HR,HR Manager,44000,2021-03-10
2564,Rachel Flores,Engineering,DevOps Engineer,75500,2019-12-16
2565,Richard Bennett,Sales,Business Development Rep,86500,2016-12-14
2566,Andrew Lee,HR,HR Manager,68000,2021-12-15
2567,Sandra Wood,Finance,Finance Manager,121000,2022-06-20
2568,Alexander Anderson,Finance,Accountant,104500,2022-01-19
2569,David Mitchell,IT,IT Support Specialist,104500,2024-08-05
2570,Michael Thomas,Finance,Payroll Specialist,48500,2023-04-04
2571,Melissa Taylor,Engineering,Engineering Manager,133500,2018-06-05
2572,Kathleen Mitchell,Operations,Supply Chain Coordinator,55500,2018-12-24
2573,Carol Gonzalez,HR,Recruiter,84000,2020-09-05
2574,Helen Gutierrez,Product,Product Analyst,135500,2018-01-21
2575,Anthony Bailey,Engineering,Engineering Manager,117000,2024-02-12
2576,Nancy Taylor,Finance,Auditor,66000,2019-06-11
2577,James Harris,Product,VP of Product,93500,2022-01-08
2578,Ryan Hall,Sales,Account Executive,65500,2020-02-05
2579,Katherine Williams,Engineering,Software Engineer,116000,2020-03-07
2580,Deborah Wilson,Product,Product Manager,101000,2023-05-05
2581,Raymond Reyes,Legal,Corporate Counsel,152000,2018-08-27
2582,Frank Rodriguez,Sales,Account Executive,72500,2018-01-25
2583,Timothy Thomas,Finance,Finance Manager,114000,2021-01-26
2584,Margaret Evans,Sales,Business Development Rep,92500,2022-10-17
2585,Carol Clark,Engineering,Software Engineer,92500,2022-08-19
2586,Deborah Rogers,Sales,Account Executive,66500,2021-08-10
2587,Julie Kim,Sales,Account Executive,78500,2017-11-18
2588,Diane Morales,Engineering,DevOps Engineer,107500,2021-01-07
2589,Carolyn Peterson,Operations,Supply Chain Coordinator,99500,2017-10-18
2590,Stephen James,Product,VP of Product,73500,2022-06-07
2591,Anthony Turner,Finance,Finance Manager,79000,2017-11-03
2592,Margaret Morales,IT,IT Support Specialist,77000,2015-05-04
2593,Timothy Gray,HR,HR Specialist,73000,2023-04-17
2594,Edward Miller,Finance,Payroll Specialist,70500,2017-02-16
2595,Catherine Garcia,HR,Talent Acquisition Lead,87000,2016-01-13
2596,Sandra Harris,Sales,Sales Manager,42500,2024-04-02
2597,Robert Brooks,Product,Product Owner,71500,2020-01-16
2598,Brian Bennett,Sales,Business Development Rep,77000,2020-02-14
2599,Melissa Thompson,Legal,Legal Assistant,116500,2023-10-18
2600,Timothy Wilson,IT,Security Analyst,88000,2022-12-10
2601,Matthew Walker,Operations,Operations Analyst,55500,2016-10-26
2602,Christopher Scott,Sales,Business Development Rep,55000,2018-01-09
2603,Sandra Hall,Product,VP of Product,107000,2021-06-05
2604,Anna Mitchell,Operations,Operations Manager,91000,2019-07-19
2605,Nicholas Rodriguez,Finance,Accountant,71000,2022-12-10
2606,Larry Kim,Sales,Sales Associate,105000,2021-04-16
2607,Timothy Flores,Marketing,Digital Marketing Lead,47000,2019-06-27
2608,Jonathan Carter,HR,Recruiter,91500,2021-06-21
2609,Michelle Brooks,Product,Product Analyst,133500,2019-06-15
2610,Michael Cox,Marketing,SEO Manager,42500,2016-01-17
2611,Jacob Howard,IT,IT Director,112500,2016-01-22
2612,Kathleen Gonzalez,Marketing,SEO Manager,56000,2019-10-13
2613,Pamela Baker,Engineering,Data Engineer,60500,2023-02-23
2614,Laura Phillips,Finance,Finance Manager,121500,2015-03-11
2615,Larry Cox,Sales,Sales Manager,107500,2017-04-07
2616,Janet Baker,Engineering,QA Engineer,61000,2019-07-23
2617,Debra Ramos,Product,Product Manager,90500,2016-02-02
2618,Robert Adams,IT,IT Support Specialist,78500,2016-05-26
2619,Brandon Wood,Engineering,QA Engineer,62500,2024-01-26
2620,Carolyn Flores,HR,Recruiter,49000,2021-02-01
2621,Jack Baker,Finance,CFO,65500,2016-01-10
2622,Jerry Edwards,Product,Product Owner,127000,2019-02-26
2623,Cynthia Mendoza,HR,HR Generalist,42500,2022-08-13
2624,Brenda Rogers,Engineering,Senior Developer,89500,2020-07-14
2625,Sandra Lee,IT,Network Engineer,56500,2023-04-07
2626,Lisa King,HR,HR Specialist,84000,2016-04-19
2627,Stephanie Hill,Sales,Sales Associate,100500,2022-05-23
2628,Anthony Cook,Operations,Operations Analyst,53000,2020-10-25
2629,Lisa Hill,Finance,CFO,49000,2017-09-13
2630,Tyler Williams,Marketing,SEO Manager,78500,2020-01-27
2631,Angela Hall,Product,VP of Product,148000,2016-11-13
2632,Alexander Kelly,Engineering,DevOps Engineer,123000,2024-03-08
2633,Deborah Wright,HR,HR Specialist,46000,2024-02-12
2634,Daniel Garcia,Engineering,DevOps Engineer,143000,2021-05-05
2635,Daniel Davis,Product,UX/UI Designer,105500,2019-08-26
2636,George Evans,Engineering,Senior Developer,77000,2017-09-24
2637,Debra Cox,Engineering,QA Engineer,92000,2017-06-13
2638,Samuel Kim,Marketing,Marketing Director,73500,2022-02-15
2639,Sandra Clark,HR,Recruiter,76000,2021-01-04
2640,Susan Martin,Engineering,DevOps Engineer,121000,2016-03-01
2641,Carolyn White,Legal,Corporate Counsel,56000,2016-05-26
2642,John Gomez,IT,Security Analyst,60000,2015-08-15
2643,Paul Miller,IT,Security Analyst,65500,2020-12-17
2644,Elizabeth White,Marketing,Content Strategist,80000,2023-01-06
2645,Julie Edwards,HR,Talent Acquisition Lead,61500,2019-03-04
2646,Stephen Harris,Sales,VP of Sales,114000,2024-02-16
2647,Robert Bailey,Engineering,Senior Developer,135000,2022-09-26
2648,Jennifer Thomas,Engineering,QA Engineer,69000,2017-12-05
2649,Jennifer Jackson,Marketing,SEO Manager,104500,2023-03-08
2650,Donna Ortiz,Finance,Financial Analyst,75500,2024-06-14
2651,Scott Peterson,Operations,Project Manager,70000,2016-03-26
2652,Amanda Gutierrez,IT,Security Analyst,78500,2024-01-17
2653,Jessica Rodriguez,Marketing,Marketing Specialist,81500,2021-09-12
2654,Joshua Anderson,Operations,Operations Manager,48500,2021-06-21
2655,Karen Hill,Engineering,Senior Developer,79000,2016-09-21
2656,Charles Peterson,Finance,CFO,98000,2019-12-27
2657,Diane Watson,Product,Product Manager,108500,2023-12-18
2658,Karen Scott,Marketing,Marketing Specialist,68500,2016-09-20
2659,Donna Reyes,Product,Product Manager,140000,2017-04-01
2660,Nicole Reed,IT,Security Analyst,74500,2023-10-03
2661,Michael Gonzalez,Legal,Compliance Specialist,56000,2018-08-14
2662,Katherine Bailey,Engineering,Senior Developer,138000,2021-12-25
2663,Eric Brown,IT,IT Director,78500,2020-03-20
2664,Ronald Moore,Marketing,Marketing Specialist,69500,2016-08-15
2665,Aaron Ramirez,Engineering,Senior Developer,102000,2019-04-14
2666,Richard Cook,Sales,Sales Associate,84000,2017-10-14
2667,Stephanie Morales,Engineering,Software Engineer,104000,2023-07-19
2668,Jeffrey Peterson,Product,UX/UI Designer,109500,2021-06-21
2669,Susan Johnson,Marketing,Marketing Director,98500,2020-05-05
2670,Paul Garcia,Sales,Sales Associate,84000,2019-08-07
2671,Scott Gonzalez,Engineering,QA Engineer,106000,2016-09-19
2672,Donna Young,Engineering,QA Engineer,65500,2021-09-26
2673,Justin Allen,Sales,Sales Associate,77000,2016-06-22
2674,Jonathan Mitchell,Engineering,Data Engineer,132000,2018-07-16
2675,Alexander Mitchell,Sales,Account Executive,124000,2016-04-16
2676,Scott Edwards,Marketing,Content Strategist,44000,2018-09-15
2677,Nicole Gomez,Finance,Accountant,48500,2017-10-25
2678,Rebecca Thomas,Marketing,Marketing Specialist,97500,2023-10-02
2679,Nicole Perez,Product,Product Analyst,69000,2016-05-17
2680,Michelle Cruz,HR,HR Manager,54500,2016-01-09
2681,Melissa Walker,IT,Systems Administrator,103500,2021-02-23
2682,Cynthia Gray,Engineering,Engineering Manager,74500,2021-01-12
2683,Raymond Young,Engineering,QA Engineer,119500,2022-04-15
2684,Sharon Evans,Engineering,Senior Developer,94500,2016-09-15
2685,Catherine Sanchez,HR,Recruiter,85500,2024-12-24
2686,Christine Howard,Sales,VP of Sales,39500,2019-09-20
2687,Samuel Brooks,Marketing,Content Strategist,50500,2020-12-21
2688,Aaron Rogers,Sales,VP of Sales,40500,2024-11-27
2689,Mary Anderson,Engineering,Data Engineer,73500,2017-02-21
2690,Debra Walker,Marketing,SEO Manager,51500,2020-07-17
2691,Charles Mitchell,IT,Systems Administrator,44000,2015-10-15
2692,Donald Cooper,Engineering,Software Engineer,115000,2022-09-18
2693,Jeffrey Stewart,IT,Security Analyst,69500,2017-09-06
2694,Benjamin Chavez,Sales,Sales Associate,110500,2018-01-08
2695,Dorothy Collins,Engineering,DevOps Engineer,121000,2019-05-14
2696,Catherine Martinez,Engineering,QA Engineer,119500,2021-02-27
2697,Jessica Gonzalez,Operations,Operations Manager,73500,2020-09-17
2698,Anthony Murphy,Marketing,Marketing Specialist,87500,2019-01-20
2699,Sandra Davis,HR,HR Specialist,74500,2015-03-14
2700,Carolyn Bailey,Finance,CFO,121500,2017-07-19
2701,Patricia Richardson,Operations,Operations Manager,64000,2021-05-20
2702,Lisa Scott,HR,Talent Acquisition Lead,51500,2016-03-17
2703,Robert Moore,Engineering,Data Engineer,120500,2022-11-15
2704,Brian Gonzalez,IT,Security Analyst,69000,2017-07-19
2705,Brian Torres,Engineering,Engineering Manager,103000,2018-06-19
2706,Jason King,Finance,Finance Manager,88000,2016-10-16
2707,Matthew Reyes,Marketing,Marketing Specialist,46000,2018-03-17
2708,Samantha Flores,IT,Security Analyst,49000,2018-01-10
2709,Gary Taylor,IT,Security Analyst,57000,2022-07-25
2710,Kathleen Turner,HR,HR Generalist,40000,2023-03-03
2711,Kimberly Allen,Finance,Payroll Specialist,100500,2021-11-25
2712,Nicole Rogers,Engineering,Senior Developer,117500,2019-08-27
2713,Mary Richardson,Operations,Supply Chain Coordinator,45000,2022-02-14
2714,Sharon Ramirez,Finance,Accountant,70000,2022-09-23
2715,Diane Green,Engineering,QA Engineer,74500,2022-04-14
2716,Sharon Walker,Marketing,Content Strategist,105000,2020-08-23
2717,Jonathan Baker,Finance,Auditor,60500,2016-11-24
2718,Matthew Phillips,Finance,Accountant,58500,2019-06-16
2719,Stephanie Mendoza,Sales,VP of Sales,77500,2017-01-09
2720,Jerry Phillips,Sales,Account Executive,53500,2020-11-24
2721,Edward Phillips,Finance,Accountant,100500,2022-06-25
2722,Shirley Reed,HR,HR Manager,74000,2016-07-26
2723,Justin Nguyen,Sales,Sales Manager,48000,2021-10-12
2724,Thomas Miller,Operations,Operations Manager,100000,2017-03-15
2725,Emily Murphy,Engineering,Software Engineer,143000,2016-05-16
2726,Nicholas Davis,Engineering,Data Engineer,89000,2019-05-21
2727,Anthony Jackson,IT,IT Support Specialist,90000,2022-04-19
2728,Jonathan Green,Sales,VP of Sales,72000,2021-01-06
2729,George Bailey,Operations,Project Manager,99000,2021-06-05
2730,Christine Allen,Sales,Account Executive,66000,2022-08-22
2731,Donald Johnson,Sales,Sales Manager,95000,2015-12-20
2732,Stephanie James,IT,Network Engineer,64500,2017-06-13
2733,Amanda Chavez,IT,Systems Administrator,104500,2021-12-10
2734,Donald Baker,IT,Network Engineer,86000,2023-09-20
2735,Brenda Torres,Engineering,Software Engineer,77000,2016-02-21
2736,Dennis White,Engineering,Senior Developer,108000,2023-02-23
2737,Sharon Robinson,HR,HR Manager,48500,2015-04-13
2738,Stephen Thomas,Marketing,Marketing Specialist,89000,2019-09-26
2739,Barbara Morris,Sales,Sales Manager,83500,2019-10-05
2740,Anthony Ramirez,HR,HR Generalist,94500,2015-06-16
2741,Laura Ward,Finance,Accountant,97000,2023-01-25
2742,Anna Morgan,Engineering,QA Engineer,118000,2020-07-11
2743,Mark Garcia,Operations,Operations Manager,69000,2020-02-21
2744,Jerry Scott,HR,HR Generalist,40000,2020-07-15
2745,Maria Hernandez,Operations,Operations Manager,62500,2020-10-02
2746,Jacob Cox,Engineering,DevOps Engineer,105000,2024-12-12
2747,Katherine Rodriguez,Product,Product Manager,120500,2022-11-24
2748,Heather Bailey,IT,Systems Administrator,100000,2020-05-17
2749,Nicole Cox,Finance,CFO,51500,2021-10-26
2750,Nicholas Young,IT,Security Analyst,91500,2024-08-02
2751,Samuel Harris,IT,Security Analyst,69000,2021-06-26
2752,Catherine Green,Engineering,Senior Developer,138500,2015-02-16
2753,Rachel Cox,Product,UX/UI Designer,147500,2018-01-23
2754,Christine Cox,Operations,Supply Chain Coordinator,52500,2017-05-06
2755,Betty Flores,Engineering,QA Engineer,64500,2022-03-07
2756,Steven Allen,Engineering,Engineering Manager,129000,2023-12-14
2757,Diane Nguyen,Sales,VP of Sales,57500,2015-06-09
2758,Joseph Williams,Marketing,SEO Manager,75500,2018-10-19
2759,Barbara Johnson,Sales,Account Executive,65500,2020-09-11
2760,Christopher Anderson,Engineering,Engineering Manager,141500,2019-12-12
2761,Maria Jones,HR,Talent Acquisition Lead,78000,2019-08-12
2762,Heather Kelly,IT,Systems Administrator,59000,2022-08-24
2763,Maria Nguyen,IT,Network Engineer,110500,2016-07-22
2764,Kevin Brooks,Engineering,Software Engineer,129500,2021-04-13
2765,Nicholas Ortiz,Product,Product Analyst,96000,2016-12-26
2766,Daniel Ward,Marketing,SEO Manager,106000,2017-04-10
2767,Catherine Evans,Sales,VP of Sales,42500,2021-02-04
2768,Robert Ortiz,Engineering,Data Engineer,84500,2023-11-02
2769,Debra Wilson,Sales,Sales Manager,48500,2024-11-04
2770,Kenneth Stewart,Sales,Sales Manager,113500,2020-02-24
2771,Linda Clark,IT,Systems Administrator,107000,2016-12-23
2772,Ronald Hill,Product,UX/UI Designer,107000,2020-06-09
2773,William Morales,HR,Talent Acquisition Lead,47000,2022-07-08
2774,Rebecca Williams,Finance,Financial Analyst,124500,2021-03-02
2775,Nicole Roberts,Marketing,Marketing Specialist,82000,2017-06-27
2776,Carolyn Watson,IT,Network Engineer,67000,2018-09-19
2777,Dennis Gomez,IT,Network Engineer,66500,2015-11-24
2778,Laura Davis,Product,UX/UI Designer,87500,2024-02-10
2779,Ronald Wood,Marketing,SEO Manager,102500,2024-02-13
2780,Nancy Thompson,Engineering,Software Engineer,105500,2017-06-25
2781,Daniel Reyes,Sales,VP of Sales,55500,2019-08-23
2782,Matthew Sanchez,Engineering,Data Engineer,132500,2021-01-01
2783,Jonathan Parker,Marketing,Digital Marketing Lead,59000,2022-06-27
2784,Donna Ortiz,Finance,CFO,90000,2017-12-27
2785,Sandra James,Engineering,QA Engineer,81500,2022-02-20
2786,Donald Reyes,IT,Systems Administrator,77500,2023-07-05
2787,Cynthia Nguyen,Operations,Supply Chain Coordinator,77000,2015-04-09
2788,James Edwards,Finance,Payroll Specialist,99000,2023-06-19
2789,Jason Jackson,Marketing,SEO Manager,62500,2021-04-12
2790,Anthony Rivera,Operations,Supply Chain Coordinator,70500,2016-04-08
2791,Jerry Edwards,Product,VP of Product,83000,2023-04-09
2792,Gary Ward,Finance,CFO,132500,2016-10-14
2793,Donna Davis,IT,Network Engineer,92500,2020-04-01
2794,Amanda Peterson,Operations,Project Manager,58000,2018-05-10
2795,Amanda Watson,IT,Network Engineer,52500,2021-06-04
2796,Ronald Wright,Marketing,Marketing Specialist,67000,2018-04-02
2797,Laura Scott,Marketing,Content Strategist,83000,2023-01-13
2798,Deborah Ward,Product,Product Owner,83000,2020-07-15
2799,Gary Jackson,Engineering,Data Engineer,82500,2018-09-24
2800,Margaret Scott,Product,UX/UI Designer,136000,2018-07-26
2801,Linda Mendoza,Product,UX/UI Designer,91000,2016-08-14
2802,George Ward,IT,IT Director,101000,2018-12-25
2803,Rebecca Clark,Sales,Business Development Rep,84000,2015-02-01
2804,Anna Cruz,Product,Product Analyst,70500,2020-09-12
2805,Charles Roberts,Legal,Compliance Specialist,106000,2021-11-10
2806,Michael Phillips,Engineering,Senior Developer,95500,2024-10-26
2807,Elizabeth Taylor,Operations,Project Manager,69000,2023-07-16
2808,Brenda Rodriguez,Finance,Financial Analyst,124500,2015-04-07
2809,Kevin Miller,Finance,Auditor,97000,2021-08-07
2810,Helen Harris,Engineering,Data Engineer,87000,2022-06-17
2811,Benjamin Bennett,Finance,Financial Analyst,98500,2016-08-22
2812,Cynthia Johnson,Product,VP of Product,106500,2021-12-14
2813,Frank Brown,Engineering,Senior Developer,73500,2015-01-07
2814,Kathleen Mitchell,Finance,Finance Manager,114000,2022-02-15
2815,Aaron Roberts,Operations,Supply Chain Coordinator,62500,2023-04-04
2816,Brandon Young,Product,UX/UI Designer,107000,2024-04-10
2817,Elizabeth Mendoza,Finance,Auditor,48500,2022-01-01
2818,Angela Peterson,Finance,Payroll Specialist,86500,2016-09-25
2819,Ronald Gonzalez,Sales,Sales Manager,117500,2015-05-13
2820,Kathleen Wood,Engineering,Data Engineer,93500,2017-06-12
2821,Cynthia Green,HR,Recruiter,72500,2024-10-20
2822,Donald Richardson,Engineering,Engineering Manager,76500,2017-05-21
2823,Thomas Rivera,Engineering,Data Engineer,134500,2015-03-07
2824,Benjamin Cook,Engineering,Engineering Manager,67500,2023-06-05
2825,Andrew Walker,IT,IT Director,111500,2018-12-10
2826,Dorothy King,HR,HR Manager,84000,2023-06-10
2827,Dorothy Reed,Engineering,Data Engineer,132500,2023-05-08
2828,Justin Smith,Engineering,Software Engineer,104000,2020-07-14
2829,Robert Perez,Finance,CFO,116000,2021-07-02
2830,Mark Lopez,Engineering,Engineering Manager,109500,2016-04-05
2831,David Harris,Engineering,Engineering Manager,65000,2020-07-11
2832,Maria Bailey,Sales,Account Executive,106000,2016-03-04
2833,Karen Rodriguez,Sales,Sales Associate,54000,2023-06-21
2834,Charles Wilson,Engineering,DevOps Engineer,66500,2023-07-14
2835,Jennifer James,Sales,Account Executive,116000,2015-10-17
2836,Jonathan Bennett,Operations,Operations Manager,100000,2016-02-02
2837,George Wilson,Sales,VP of Sales,54500,2022-05-11
2838,Robert Scott,Sales,Account Executive,81000,2015-12-25
2839,Sharon Taylor,Finance,Financial Analyst,130000,2016-08-16
2840,Deborah Edwards,Sales,Sales Associate,41000,2016-10-05
2841,Gregory Williams,Finance,Auditor,98500,2020-04-13
2842,Sarah Phillips,Finance,Auditor,96500,2017-12-19
2843,Charles Ortiz,IT,IT Director,45500,2016-03-22
2844,Rachel Mitchell,HR,HR Specialist,68000,2024-02-19
2845,Stephen Cruz,Sales,Sales Associate,110000,2021-04-20
2846,Patricia Brown,Finance,Auditor,59000,2022-05-05
2847,Jacob Howard,Engineering,Data Engineer,119000,2022-09-18
2848,Amanda Brooks,Engineering,QA Engineer,61000,2016-02-12
2849,Scott Martin,IT,Network Engineer,51000,2015-06-03
2850,Diane Stewart,Engineering,DevOps Engineer,85500,2021-02-21
2851,Jennifer Scott,Engineering,Senior Developer,75500,2023-11-23
2852,Justin Carter,Product,Product Owner,102000,2024-11-11
2853,Mark Morris,Sales,Sales Associate,117000,2023-11-19
2854,Janet Smith,Finance,Accountant,100000,2018-02-18
2855,Scott Jones,HR,HR Manager,66000,2024-02-06
2856,Jason Ramirez,Engineering,Software Engineer,60500,2017-01-24
2857,Emily Phillips,IT,IT Support Specialist,47500,2020-09-21
2858,Amy Ramos,Finance,CFO,83500,2022-08-04
2859,Mark Clark,Marketing,Marketing Specialist,89500,2019-03-27
2860,Linda Rodriguez,Engineering,Software Engineer,141500,2021-08-15
2861,Joseph Torres,IT,Network Engineer,87000,2023-12-17
2862,Charles Morales,Engineering,Senior Developer,106500,2021-03-03
2863,Sarah Harris,Engineering,Senior Developer,131500,2023-07-10
2864,Christopher Lewis,Product,UX/UI Designer,121500,2021-02-23
2865,Jack Brown,Product,Product Analyst,89500,2019-05-02
2866,Angela Cook,Finance,Financial Analyst,97000,2021-03-12
2867,Gary Cook,Engineering,Data Engineer,118000,2020-12-14
2868,Debra Robinson,IT,Security Analyst,113500,2020-11-10
2869,Stephanie Morales,Engineering,Software Engineer,126500,2023-12-05
2870,Nicholas Ward,Engineering,Software Engineer,120500,2015-05-18
2871,Brenda Scott,Finance,Payroll Specialist,66500,2021-01-06
2872,Nancy Anderson,Engineering,Senior Developer,80500,2023-05-21
2873,Virginia Rogers,HR,Talent Acquisition Lead,67000,2017-02-26
2874,Heather Wilson,Sales,Account Executive,118000,2017-09-07
2875,Sandra Kim,Sales,Business Development Rep,57500,2022-09-13
2876,Alexander Scott,HR,HR Manager,67500,2017-12-23
2877,Julie Miller,Sales,VP of Sales,84000,2017-03-24
2878,Linda Morgan,Sales,Business Development Rep,108500,2018-08-06
2879,Jeffrey Walker,Sales,VP of Sales,95000,2017-12-10
2880,Dennis Mitchell,Marketing,Content Strategist,80000,2018-03-05
2881,Barbara Cruz,Engineering,QA Engineer,64500,2019-08-04
2882,Christopher Ramos,Finance,Auditor,48000,2019-06-09
2883,Nicholas Ramos,Finance,CFO,133000,2016-08-11
2884,John Adams,Sales,Business Development Rep,53000,2024-08-10
2885,Alexander Cooper,Product,Product Manager,142500,2019-07-17
2886,Kimberly Baker,Engineering,Software Engineer,79500,2018-11-12
2887,George Jackson,Operations,Operations Manager,53500,2016-04-17
2888,Emily Mitchell,Marketing,Digital Marketing Lead,53000,2024-08-06
2889,Debra Wilson,Engineering,Data Engineer,140500,2024-01-24
2890,Jason Ramos,Sales,Account Executive,53500,2018-11-22
2891,Jessica Reed,Engineering,DevOps Engineer,94000,2023-04-21
2892,Aaron Davis,IT,Network Engineer,78500,2024-06-23
2893,Larry Morris,Engineering,QA Engineer,133000,2022-01-06
2894,George Howard,Sales,Account Executive,67000,2019-01-22
2895,Katherine Rivera,Engineering,Engineering Manager,68500,2023-12-16
2896,Rebecca Evans,Engineering,Senior Developer,126000,2015-01-16
2897,Christopher Roberts,Finance,Finance Manager,113000,2016-10-26
2898,Alexander Garcia,Sales,Account Executive,116000,2021-10-27
2899,Edward Cook,Engineering,DevOps Engineer,111500,2017-03-15
2900,Tyler Hernandez,HR,HR Manager,43000,2017-05-09
2901,Margaret Chavez,Marketing,Marketing Director,73500,2019-05-27
2902,Kathleen Rivera,Operations,Operations Analyst,99500,2023-05-17
2903,Kenneth Peterson,Product,VP of Product,82000,2023-11-25
2904,Linda Morgan,Engineering,Software Engineer,97000,2021-04-23
2905,Amanda Clark,IT,IT Director,57500,2021-10-16
2906,Amanda Peterson,Engineering,DevOps Engineer,112000,2021-03-15
2907,Margaret Miller,Sales,Account Executive,81500,2018-06-08
2908,Ashley Sanchez,Engineering,QA Engineer,80500,2018-06-19
2909,Nancy Evans,IT,IT Director,72000,2023-09-17
2910,Michael Green,Finance,Accountant,74500,2018-02-08
2911,Amy Wilson,Engineering,Senior Developer,116500,2019-07-08
2912,Jack Thomas,Engineering,DevOps Engineer,108000,2023-02-03
2913,Stephanie Anderson,Engineering,DevOps Engineer,81500,2022-02-17
2914,Mark Stewart,Sales,Sales Associate,100000,2017-07-27
2915,John Taylor,Operations,Project Manager,101500,2017-01-16
2916,Donald Brown,Sales,Sales Associate,97000,2022-02-27
2917,Sarah Collins,Finance,Accountant,61000,2022-12-22
2918,Jessica Lopez,Sales,Sales Manager,57000,2017-12-09
2919,Timothy Stewart,Operations,Operations Analyst,92500,2015-04-15
2920,Ronald Bailey,Engineering,DevOps Engineer,77000,2021-08-26
2921,Katherine Brown,Sales,Sales Manager,102000,2017-06-01
2922,Nicole Mitchell,IT,Systems Administrator,63500,2022-02-16
2923,Donna Martinez,Sales,Account Executive,57000,2018-01-14
2924,Dorothy Wright,Finance,Auditor,87500,2016-02-27
2925,Thomas Martinez,Marketing,SEO Manager,56000,2019-01-24
2926,Jacob Walker,Legal,Corporate Counsel,88500,2019-12-10
2927,Jack Perez,Marketing,Content Strategist,104000,2018-08-25
2928,Kenneth Bailey,Operations,Project Manager,63000,2018-05-26
2929,Robert Reed,HR,HR Generalist,78500,2024-04-06
2930,Lisa Cox,Engineering,Software Engineer,86500,2022-11-07
2931,Larry Lopez,HR,Talent Acquisition Lead,74500,2018-06-02
2932,Donald Flores,Engineering,QA Engineer,95000,2019-12-20
2933,Joshua Gray,Engineering,Software Engineer,100500,2020-02-16
2934,Karen Torres,Engineering,Engineering Manager,94000,2015-08-24
2935,John Peterson,Finance,Finance Manager,98000,2016-10-23
2936,Kenneth Rodriguez,Finance,CFO,117000,2018-12-14
2937,Amanda Kim,Operations,Supply Chain Coordinator,52000,2023-09-26
2938,Jack Taylor,Sales,VP of Sales,43500,2024-06-16
2939,Justin Gutierrez,Engineering,Software Engineer,64500,2024-04-24
2940,Benjamin Peterson,Sales,VP of Sales,77000,2015-04-15
2941,Justin Parker,Engineering,DevOps Engineer,67000,2018-11-10
2942,Catherine Hall,Product,UX/UI Designer,101500,2021-09-18
2943,Christopher Nelson,HR,HR Generalist,70000,2017-01-18
2944,Nicole Perez,Legal,Legal Assistant,141500,2018-12-15
2945,Emily Campbell,HR,Recruiter,67500,2020-01-26
2946,Kenneth Thompson,Engineering,Senior Developer,100000,2020-07-19
2947,Donald Gutierrez,Finance,Auditor,64500,2021-05-17
2948,Diane Gray,Engineering,Senior Developer,135500,2015-02-26
2949,Kathleen Nelson,Operations,Operations Manager,71500,2015-01-12
2950,Elizabeth Martin,Engineering,Data Engineer,77000,2017-06-10
2951,Patricia Hill,Marketing,Content Strategist,51000,2018-07-10
2952,Laura Lopez,Finance,Accountant,80500,2019-03-04
2953,Jennifer Sanchez,Product,Product Manager,125500,2018-07-09
2954,Joseph Torres,Operations,Operations Analyst,84500,2022-05-25
2955,Charles Edwards,Engineering,Engineering Manager,124500,2024-03-01
2956,Jason Anderson,Operations,Project Manager,101000,2021-01-24
2957,Samuel Hill,Engineering,Engineering Manager,90000,2024-09-18
2958,Kathleen Phillips,IT,Network Engineer,95000,2024-07-07
2959,Jack Morgan,Marketing,Digital Marketing Lead,46000,2018-11-24
2960,Michelle Lewis,Legal,Corporate Counsel,91500,2015-05-20
2961,Amy Brown,IT,IT Support Specialist,102500,2020-07-21
2962,Jessica Reed,Product,UX/UI Designer,118500,2018-11-09
2963,Jonathan Bennett,Engineering,Engineering Manager,81500,2017-06-10
2964,Tyler Morris,Legal,Compliance Specialist,159500,2022-07-22
2965,Sandra Morales,Product,Product Manager,92000,2023-04-24
2966,Jack Edwards,Engineering,Data Engineer,72500,2021-02-01
2967,Emily Ramirez,Finance,Accountant,130000,2024-07-24
2968,Justin Cooper,IT,IT Director,57500,2023-06-13
2969,Laura Watson,Engineering,Engineering Manager,76000,2022-11-14
2970,Rachel Kelly,Engineering,Senior Developer,140000,2023-12-18
2971,Jeffrey Kelly,Finance,Payroll Specialist,129500,2016-04-21
2972,Deborah Lewis,Product,UX/UI Designer,79500,2023-12-12
2973,Mark Lee,Operations,Project Manager,67000,2024-06-19
2974,Emily Phillips,Product,Product Owner,130000,2015-09-27
2975,James Cruz,Product,UX/UI Designer,85000,2020-07-27
2976,Benjamin Williams,HR,HR Specialist,80500,2016-02-26
2977,Jack Rodriguez,Sales,VP of Sales,43000,2023-06-26
2978,Amanda Harris,Engineering,Engineering Manager,128500,2024-09-05
2979,Jessica Torres,Sales,Account Executive,115000,2023-07-07
2980,Donald Walker,Engineering,DevOps Engineer,74500,2019-12-03
2981,Stephen Perez,Marketing,Content Strategist,60000,2018-02-24
2982,Daniel King,Operations,Operations Analyst,68500,2016-11-25
2983,Scott Diaz,Engineering,Data Engineer,92500,2018-12-26
2984,Jacob Gutierrez,Engineering,QA Engineer,82000,2019-05-21
2985,Anthony Walker,Marketing,Marketing Specialist,46000,2021-04-21
2986,Gregory James,Product,Product Owner,97000,2016-04-25
2987,Sharon Kim,IT,Network Engineer,82500,2015-01-06
2988,Samuel Phillips,Sales,Sales Associate,83500,2020-02-07
2989,Melissa Young,Sales,Business Development Rep,106000,2015-01-07
2990,Larry Cook,Operations,Project Manager,89000,2020-02-09
2991,Angela Thompson,Engineering,Data Engineer,88500,2017-08-07
2992,Matthew Richardson,Marketing,Content Strategist,86500,2015-11-05
2993,Samantha Anderson,Legal,Corporate Counsel,134000,2022-10-05
2994,Melissa Sanchez,Finance,CFO,120000,2023-01-20
2995,Janet Cruz,Engineering,QA Engineer,140500,2018-12-16
2996,Amy Robinson,Marketing,Marketing Director,69000,2018-03-07
2997,Ryan Gutierrez,Finance,Finance Manager,130000,2016-10-04
2998,Thomas Watson,IT,IT Director,46000,2020-03-27
2999,Donald Wright,Engineering,DevOps Engineer,88000,2018-08-23
3000,Shirley Kim,Marketing,Marketing Director,44000,2018-04-06
